date,instrument,yield_annual,yield_idr
2026-02-20,sbn,0.05119,0.05119
2026-02-19,sbn,0.05119,0.05119
2026-02-18,sbn,0.05119,0.05119
2026-02-13,sbn,0.05064,0.05064
2026-02-12,sbn,0.050679999999999996,0.050679999999999996
2026-02-11,sbn,0.05119,0.05119
2026-02-10,sbn,0.05119,0.05119
2026-02-09,sbn,0.05119,0.05119
2026-02-06,sbn,0.05118,0.05118
2026-02-05,sbn,0.050300000000000004,0.050300000000000004
2026-02-04,sbn,0.050309999999999994,0.050309999999999994
2026-02-03,sbn,0.050309999999999994,0.050309999999999994
2026-02-02,sbn,0.050309999999999994,0.050309999999999994
2026-01-30,sbn,0.04982,0.04982
2026-01-29,sbn,0.04983,0.04983
2026-01-28,sbn,0.04868,0.04868
2026-01-27,sbn,0.048170000000000004,0.048170000000000004
2026-01-26,sbn,0.048179999999999994,0.048179999999999994
2026-01-23,sbn,0.048179999999999994,0.048179999999999994
2026-01-22,sbn,0.04768,0.04768
2026-01-21,sbn,0.047619999999999996,0.047619999999999996
2026-01-20,sbn,0.04765,0.04765
2026-01-19,sbn,0.04822,0.04822
2026-01-15,sbn,0.047670000000000004,0.047670000000000004
2026-01-14,sbn,0.04947,0.04947
2026-01-13,sbn,0.049589999999999995,0.049589999999999995
2026-01-12,sbn,0.04956000000000001,0.04956000000000001
2026-01-09,sbn,0.04785999999999999,0.04785999999999999
2026-01-08,sbn,0.04905,0.04905
2026-01-07,sbn,0.04995,0.04995
2026-01-06,sbn,0.04995,0.04995
2026-01-05,sbn,0.04995,0.04995
2026-01-02,sbn,0.04995,0.04995
2025-12-31,sbn,0.049960000000000004,0.049960000000000004
2025-12-30,sbn,0.04997,0.04997
2025-12-29,sbn,0.04997,0.04997
2025-12-24,sbn,0.04997,0.04997
2025-12-23,sbn,0.049980000000000004,0.049980000000000004
2025-12-22,sbn,0.04999,0.04999
2025-12-19,sbn,0.04999,0.04999
2025-12-18,sbn,0.05072,0.05072
2025-12-17,sbn,0.050780000000000006,0.050780000000000006
2025-12-16,sbn,0.0504,0.0504
2025-12-15,sbn,0.0508,0.0508
2025-12-12,sbn,0.0508,0.0508
2025-12-11,sbn,0.0508,0.0508
2025-12-10,sbn,0.05081,0.05081
2025-12-09,sbn,0.051980000000000005,0.051980000000000005
2025-12-08,sbn,0.05197,0.05197
2025-12-05,sbn,0.05197,0.05197
2025-12-04,sbn,0.05197,0.05197
2025-12-03,sbn,0.05197,0.05197
2025-12-02,sbn,0.05074,0.05074
2025-12-01,sbn,0.05197,0.05197
2025-11-28,sbn,0.05096,0.05096
2025-11-27,sbn,0.05091999999999999,0.05091999999999999
2025-11-26,sbn,0.05058,0.05058
2025-11-25,sbn,0.051210000000000006,0.051210000000000006
2025-11-24,sbn,0.051210000000000006,0.051210000000000006
2025-11-21,sbn,0.04774,0.04774
2025-11-20,sbn,0.04771,0.04771
2025-11-19,sbn,0.04759,0.04759
2025-11-18,sbn,0.047599999999999996,0.047599999999999996
2025-11-17,sbn,0.04716,0.04716
2025-11-14,sbn,0.04708999999999999,0.04708999999999999
2025-11-13,sbn,0.047119999999999995,0.047119999999999995
2025-11-12,sbn,0.04686,0.04686
2025-11-11,sbn,0.04716,0.04716
2025-11-10,sbn,0.04704,0.04704
2025-11-07,sbn,0.04721,0.04721
2025-11-06,sbn,0.04731,0.04731
2025-11-05,sbn,0.04735,0.04735
2025-11-04,sbn,0.04747,0.04747
2025-11-03,sbn,0.04758,0.04758
2025-10-31,sbn,0.047599999999999996,0.047599999999999996
2025-10-30,sbn,0.04776,0.04776
2025-10-29,sbn,0.048010000000000004,0.048010000000000004
2025-10-28,sbn,0.048369999999999996,0.048369999999999996
2025-10-27,sbn,0.04814,0.04814
2025-10-24,sbn,0.04858,0.04858
2025-10-23,sbn,0.04839,0.04839
2025-10-22,sbn,0.04871,0.04871
2025-10-21,sbn,0.04867,0.04867
2025-10-20,sbn,0.0489,0.0489
2025-10-17,sbn,0.04919,0.04919
2025-10-16,sbn,0.04905,0.04905
2025-10-15,sbn,0.048920000000000005,0.048920000000000005
2025-10-14,sbn,0.048920000000000005,0.048920000000000005
2025-10-13,sbn,0.049800000000000004,0.049800000000000004
2025-10-10,sbn,0.04904,0.04904
2025-10-09,sbn,0.05,0.05
2025-10-08,sbn,0.04952,0.04952
2025-10-07,sbn,0.04952,0.04952
2025-10-06,sbn,0.049749999999999996,0.049749999999999996
2025-10-03,sbn,0.049850000000000005,0.049850000000000005
2025-10-02,sbn,0.04987,0.04987
2025-10-01,sbn,0.05035,0.05035
2025-09-30,sbn,0.05086,0.05086
2025-09-29,sbn,0.05053,0.05053
2025-09-26,sbn,0.05061,0.05061
2025-09-25,sbn,0.05008,0.05008
2025-09-24,sbn,0.05038,0.05038
2025-09-23,sbn,0.05168999999999999,0.05168999999999999
2025-09-22,sbn,0.05178,0.05178
2025-09-19,sbn,0.04902,0.04902
2025-09-18,sbn,0.05133,0.05133
2025-09-17,sbn,0.051680000000000004,0.051680000000000004
2025-09-16,sbn,0.051609999999999996,0.051609999999999996
2025-09-15,sbn,0.05173,0.05173
2025-09-12,sbn,0.05181,0.05181
2025-09-11,sbn,0.05196,0.05196
2025-09-10,sbn,0.052160000000000005,0.052160000000000005
2025-09-09,sbn,0.052000000000000005,0.052000000000000005
2025-09-08,sbn,0.05223,0.05223
2025-09-04,sbn,0.053099999999999994,0.053099999999999994
2025-09-02,sbn,0.05339000000000001,0.05339000000000001
2025-09-01,sbn,0.053470000000000004,0.053470000000000004
2025-08-29,sbn,0.05298,0.05298
2025-08-28,sbn,0.05306,0.05306
2025-08-27,sbn,0.05359,0.05359
2025-08-26,sbn,0.053630000000000004,0.053630000000000004
2025-08-25,sbn,0.05373,0.05373
2025-08-22,sbn,0.05404,0.05404
2025-08-21,sbn,0.05411,0.05411
2025-08-20,sbn,0.05432000000000001,0.05432000000000001
2025-08-19,sbn,0.05439,0.05439
2025-08-15,sbn,0.05426,0.05426
2025-08-14,sbn,0.05437,0.05437
2025-08-13,sbn,0.05585,0.05585
2025-08-12,sbn,0.056760000000000005,0.056760000000000005
2025-08-11,sbn,0.05715,0.05715
2025-08-08,sbn,0.05724,0.05724
2025-08-07,sbn,0.05724,0.05724
2025-08-06,sbn,0.05744,0.05744
2025-08-05,sbn,0.0574,0.0574
2025-08-04,sbn,0.05739,0.05739
2025-08-01,sbn,0.05667,0.05667
2025-07-31,sbn,0.056799999999999996,0.056799999999999996
2025-07-30,sbn,0.05694,0.05694
2025-07-29,sbn,0.057,0.057
2025-07-28,sbn,0.05706000000000001,0.05706000000000001
2025-07-25,sbn,0.05714,0.05714
2025-07-24,sbn,0.05713,0.05713
2025-07-23,sbn,0.05826,0.05826
2025-07-22,sbn,0.058280000000000005,0.058280000000000005
2025-07-21,sbn,0.05843,0.05843
2025-07-18,sbn,0.058410000000000004,0.058410000000000004
2025-07-17,sbn,0.05843,0.05843
2025-07-16,sbn,0.05854,0.05854
2025-07-15,sbn,0.05857999999999999,0.05857999999999999
2025-07-14,sbn,0.05931,0.05931
2025-07-11,sbn,0.05907,0.05907
2025-07-10,sbn,0.05912,0.05912
2025-07-09,sbn,0.0593,0.0593
2025-07-08,sbn,0.05928,0.05928
2025-07-07,sbn,0.059340000000000004,0.059340000000000004
2025-07-04,sbn,0.058890000000000005,0.058890000000000005
2025-07-03,sbn,0.05892,0.05892
2025-07-02,sbn,0.05907,0.05907
2025-07-01,sbn,0.05913,0.05913
2025-06-30,sbn,0.0592,0.0592
2025-06-26,sbn,0.05949,0.05949
2025-06-25,sbn,0.059640000000000006,0.059640000000000006
2025-06-24,sbn,0.05979,0.05979
2025-06-23,sbn,0.05984,0.05984
2025-06-20,sbn,0.05928,0.05928
2025-06-19,sbn,0.05923,0.05923
2025-06-18,sbn,0.06034,0.06034
2025-06-17,sbn,0.06037,0.06037
2025-06-16,sbn,0.05929,0.05929
2025-06-13,sbn,0.062119999999999995,0.062119999999999995
2025-06-12,sbn,0.06209,0.06209
2025-06-11,sbn,0.06202,0.06202
2025-06-10,sbn,0.062009999999999996,0.062009999999999996
2025-06-05,sbn,0.06194,0.06194
2025-06-04,sbn,0.06188,0.06188
2025-06-03,sbn,0.06186,0.06186
2025-06-02,sbn,0.061900000000000004,0.061900000000000004
2025-05-28,sbn,0.061799999999999994,0.061799999999999994
2025-05-27,sbn,0.06279,0.06279
2025-05-26,sbn,0.06279,0.06279
2025-05-23,sbn,0.06273,0.06273
2025-05-22,sbn,0.06262,0.06262
2025-05-21,sbn,0.0626,0.0626
2025-05-20,sbn,0.06266,0.06266
2025-05-19,sbn,0.06255,0.06255
2025-05-16,sbn,0.06258,0.06258
2025-05-15,sbn,0.06285,0.06285
2025-05-14,sbn,0.06274,0.06274
2025-05-09,sbn,0.06254,0.06254
2025-05-08,sbn,0.06263,0.06263
2025-05-07,sbn,0.06246,0.06246
2025-05-06,sbn,0.06257,0.06257
2025-05-05,sbn,0.062400000000000004,0.062400000000000004
2025-05-02,sbn,0.06234,0.06234
2025-04-30,sbn,0.06218,0.06218
2025-04-29,sbn,0.062,0.062
2025-04-28,sbn,0.06229,0.06229
2025-04-25,sbn,0.062380000000000005,0.062380000000000005
2025-04-24,sbn,0.06570000000000001,0.06570000000000001
2025-04-23,sbn,0.06566,0.06566
2025-04-22,sbn,0.06562,0.06562
2025-04-21,sbn,0.06706000000000001,0.06706000000000001
2025-04-17,sbn,0.06556000000000001,0.06556000000000001
2025-04-16,sbn,0.06551,0.06551
2025-04-15,sbn,0.06621,0.06621
2025-04-14,sbn,0.06619,0.06619
2025-04-11,sbn,0.06748,0.06748
2025-04-10,sbn,0.06631000000000001,0.06631000000000001
2025-04-09,sbn,0.06682,0.06682
2025-04-08,sbn,0.06639,0.06639
2025-03-27,sbn,0.06458,0.06458
2025-03-26,sbn,0.06463,0.06463
2025-03-25,sbn,0.0647,0.0647
2025-03-24,sbn,0.06394,0.06394
2025-03-21,sbn,0.06393,0.06393
2025-03-20,sbn,0.06386,0.06386
2025-03-19,sbn,0.06381,0.06381
2025-03-18,sbn,0.06365,0.06365
2025-03-17,sbn,0.06352000000000001,0.06352000000000001
2025-03-14,sbn,0.06307,0.06307
2025-03-13,sbn,0.06269999999999999,0.06269999999999999
2025-03-12,sbn,0.06319,0.06319
2025-03-11,sbn,0.06309999999999999,0.06309999999999999
2025-03-10,sbn,0.06311,0.06311
2025-03-07,sbn,0.06269,0.06269
2025-03-06,sbn,0.06271,0.06271
2025-03-05,sbn,0.06277,0.06277
2025-03-04,sbn,0.06274,0.06274
2025-03-03,sbn,0.06405999999999999,0.06405999999999999
2025-02-28,sbn,0.06497,0.06497
2025-02-27,sbn,0.06398,0.06398
2025-02-26,sbn,0.06417,0.06417
2025-02-25,sbn,0.06368,0.06368
2025-02-24,sbn,0.06367,0.06367
2025-02-21,sbn,0.06368,0.06368
2025-03-23,mmf,0.037797901149548396,0.037797901149548396
2025-03-24,mmf,0.037793987805202045,0.037793987805202045
2025-03-25,mmf,0.037790075271002754,0.037790075271002754
2025-03-26,mmf,0.0377861635467045,0.0377861635467045
2025-03-27,mmf,0.03778225263205304,0.03778225263205304
2025-03-28,mmf,0.037778342526791464,0.037778342526791464
2025-03-29,mmf,0.03777443323067664,0.03777443323067664
2025-03-30,mmf,0.037770524743454104,0.037770524743454104
2025-03-31,mmf,0.0377666170648725,0.0377666170648725
2025-04-01,mmf,0.03810416951576889,0.03810416951576889
2025-04-02,mmf,0.03844175404697925,0.03844175404697925
2025-04-03,mmf,0.03877937064535586,0.03877937064535586
2025-04-04,mmf,0.039117019297747246,0.039117019297747246
2025-04-05,mmf,0.03945469999100126,0.03945469999100126
2025-04-06,mmf,0.039792412711974645,0.039792412711974645
2025-04-07,mmf,0.04013015744752302,0.04013015744752302
2025-04-08,mmf,0.04046793418450734,0.04046793418450734
2025-04-09,mmf,0.04080574290978567,0.04080574290978567
2025-04-10,mmf,0.04114358361022652,0.04114358361022652
2025-04-11,mmf,0.04148145627269284,0.04148145627269284
2025-04-12,mmf,0.04181936088404936,0.04181936088404936
2025-04-13,mmf,0.04215729743116925,0.04215729743116925
2025-04-14,mmf,0.042495265900928114,0.042495265900928114
2025-04-15,mmf,0.04283326628019535,0.04283326628019535
2025-04-16,mmf,0.043171298555853665,0.043171298555853665
2025-04-17,mmf,0.043509362714777344,0.043509362714777344
2025-04-18,mmf,0.04384745874385154,0.04384745874385154
2025-04-19,mmf,0.044185586629963636,0.044185586629963636
2025-04-20,mmf,0.04452374635999168,0.04452374635999168
2025-04-21,mmf,0.04486193792083104,0.04486193792083104
2025-04-22,mmf,0.045200161299367325,0.045200161299367325
2025-04-23,mmf,0.04553841648250012,0.04553841648250012
2025-04-24,mmf,0.04587670345712036,0.04587670345712036
2025-04-25,mmf,0.04621502221012941,0.04621502221012941
2025-04-26,mmf,0.04655337272842841,0.04655337272842841
2025-04-27,mmf,0.046891754998914736,0.046891754998914736
2025-04-28,mmf,0.04723016900849708,0.04723016900849708
2025-04-29,mmf,0.047568614744080584,0.047568614744080584
2025-04-30,mmf,0.04790709219257572,0.04790709219257572
2025-05-01,mmf,0.0478481880956414,0.0478481880956414
2025-05-02,mmf,0.04778930216530752,0.04778930216530752
2025-05-03,mmf,0.04773043439326541,0.04773043439326541
2025-05-04,mmf,0.04767158477120215,0.04767158477120215
2025-05-05,mmf,0.04761275329082171,0.04761275329082171
2025-05-06,mmf,0.047553939943826506,0.047553939943826506
2025-05-07,mmf,0.04749514472193006,0.04749514472193006
2025-05-08,mmf,0.04743636761684744,0.04743636761684744
2025-05-09,mmf,0.04737760862029328,0.04737760862029328
2025-05-10,mmf,0.04731886772399241,0.04731886772399241
2025-05-11,mmf,0.04726014491967745,0.04726014491967745
2025-05-12,mmf,0.04720144019908301,0.04720144019908301
2025-05-13,mmf,0.04714275355394881,0.04714275355394881
2025-05-14,mmf,0.04708408497601302,0.04708408497601302
2025-05-15,mmf,0.047025434457033555,0.047025434457033555
2025-05-16,mmf,0.0469668019887588,0.0469668019887588
2025-05-17,mmf,0.0469081875629529,0.0469081875629529
2025-05-18,mmf,0.04684959117137666,0.04684959117137666
2025-05-19,mmf,0.046791012805801335,0.046791012805801335
2025-05-20,mmf,0.04673245245800284,0.04673245245800284
2025-05-21,mmf,0.046673910119756856,0.046673910119756856
2025-05-22,mmf,0.046615385782848406,0.046615385782848406
2025-05-23,mmf,0.0465568794390685,0.0465568794390685
2025-05-24,mmf,0.04649839108020948,0.04649839108020948
2025-05-25,mmf,0.046439920698071235,0.046439920698071235
2025-05-26,mmf,0.04638146828445633,0.04638146828445633
2025-05-27,mmf,0.04632303383117664,0.04632303383117664
2025-05-28,mmf,0.0462646173300445,0.0462646173300445
2025-05-29,mmf,0.046206218772879115,0.046206218772879115
2025-05-30,mmf,0.04614783815150436,0.04614783815150436
2025-05-31,mmf,0.04614200528808032,0.04614200528808032
2025-06-01,mmf,0.04618850520633799,0.04618850520633799
2025-06-02,mmf,0.046234995508859456,0.046234995508859456
2025-06-03,mmf,0.04628147619858436,0.04628147619858436
2025-06-04,mmf,0.04632794727844147,0.04632794727844147
2025-06-05,mmf,0.046374408751372664,0.046374408751372664
2025-06-06,mmf,0.04642086062030559,0.04642086062030559
2025-06-07,mmf,0.04646730288817258,0.04646730288817258
2025-06-08,mmf,0.046513735557909275,0.046513735557909275
2025-06-09,mmf,0.046560158632440896,0.046560158632440896
2025-06-10,mmf,0.04660657211469954,0.04660657211469954
2025-06-11,mmf,0.04665297600760665,0.04665297600760665
2025-06-12,mmf,0.04669937031409366,0.04669937031409366
2025-06-13,mmf,0.04674575503708622,0.04674575503708622
2025-06-14,mmf,0.046792130179506675,0.046792130179506675
2025-06-15,mmf,0.04683849574427423,0.04683849574427423
2025-06-16,mmf,0.04688485173431811,0.04688485173431811
2025-06-17,mmf,0.046931198152551756,0.046931198152551756
2025-06-18,mmf,0.046977535001897275,0.046977535001897275
2025-06-19,mmf,0.047023862285273,0.047023862285273
2025-06-20,mmf,0.0470701800055946,0.0470701800055946
2025-06-21,mmf,0.04711648816577885,0.04711648816577885
2025-06-22,mmf,0.047162786768741194,0.047162786768741194
2025-06-23,mmf,0.04720907581739153,0.04720907581739153
2025-06-24,mmf,0.047255355314643976,0.047255355314643976
2025-06-25,mmf,0.04730162526341353,0.04730162526341353
2025-06-26,mmf,0.047347885666607636,0.047347885666607636
2025-06-27,mmf,0.04739413652713198,0.04739413652713198
2025-06-28,mmf,0.04744037784789579,0.04744037784789579
2025-06-29,mmf,0.04748660963180651,0.04748660963180651
2025-06-30,mmf,0.04753283188176982,0.04753283188176982
2025-07-01,mmf,0.047474445076920224,0.047474445076920224
2025-07-02,mmf,0.04741607613910026,0.04741607613910026
2025-07-03,mmf,0.04735772506020175,0.04735772506020175
2025-07-04,mmf,0.0472993918321194,0.0472993918321194
2025-07-05,mmf,0.047241076446749464,0.047241076446749464
2025-07-06,mmf,0.04718277889599576,0.04718277889599576
2025-07-07,mmf,0.04712449917177275,0.04712449917177275
2025-07-08,mmf,0.04706623726599379,0.04706623726599379
2025-07-09,mmf,0.047007993170577356,0.047007993170577356
2025-07-10,mmf,0.04694976687744612,0.04694976687744612
2025-07-11,mmf,0.0468915583785281,0.0468915583785281
2025-07-12,mmf,0.04683336766575841,0.04683336766575841
2025-07-13,mmf,0.04677519473107772,0.04677519473107772
2025-07-14,mmf,0.0467170395664247,0.0467170395664247
2025-07-15,mmf,0.04665890216374935,0.04665890216374935
2025-07-16,mmf,0.04660078251500055,0.04660078251500055
2025-07-17,mmf,0.046542680612145615,0.046542680612145615
2025-07-18,mmf,0.046484596447140314,0.046484596447140314
2025-07-19,mmf,0.04642653001195307,0.04642653001195307
2025-07-20,mmf,0.04636848129855475,0.04636848129855475
2025-07-21,mmf,0.04631045029892644,0.04631045029892644
2025-07-22,mmf,0.04625243700504522,0.04625243700504522
2025-07-23,mmf,0.046194441408898834,0.046194441408898834
2025-07-24,mmf,0.04613646350248257,0.04613646350248257
2025-07-25,mmf,0.04607850327778551,0.04607850327778551
2025-07-26,mmf,0.04602056072681182,0.04602056072681182
2025-07-27,mmf,0.04596263584156879,0.04596263584156879
2025-07-28,mmf,0.04590472861406458,0.04590472861406458
2025-07-29,mmf,0.045846839036318254,0.045846839036318254
2025-07-30,mmf,0.04578896710034508,0.04578896710034508
2025-07-31,mmf,0.04578322458300832,0.04578322458300832
2025-08-01,mmf,0.045777483505628824,0.045777483505628824
2025-08-02,mmf,0.04577174386766125,0.04577174386766125
2025-08-03,mmf,0.0457660056685667,0.0457660056685667
2025-08-04,mmf,0.045760268907802715,0.045760268907802715
2025-08-05,mmf,0.04575453358482995,0.04575453358482995
2025-08-06,mmf,0.04574879969910928,0.04574879969910928
2025-08-07,mmf,0.04574306725009558,0.04574306725009558
2025-08-08,mmf,0.04573733623725529,0.04573733623725529
2025-08-09,mmf,0.0457316066600435,0.0457316066600435
2025-08-10,mmf,0.04572587851792376,0.04572587851792376
2025-08-11,mmf,0.04572015181035671,0.04572015181035671
2025-08-12,mmf,0.04571442653680036,0.04571442653680036
2025-08-13,mmf,0.045708702696724,0.045708702696724
2025-08-14,mmf,0.045702980289585415,0.045702980289585415
2025-08-15,mmf,0.04569725931484303,0.04569725931484303
2025-08-16,mmf,0.04569153977196283,0.04569153977196283
2025-08-17,mmf,0.045685821660406134,0.045685821660406134
2025-08-18,mmf,0.045680104979633374,0.045680104979633374
2025-08-19,mmf,0.04567438972911697,0.04567438972911697
2025-08-20,mmf,0.04566867590831203,0.04566867590831203
2025-08-21,mmf,0.04566296351668231,0.04566296351668231
2025-08-22,mmf,0.04565725255369446,0.04565725255369446
2025-08-23,mmf,0.04565154301880936,0.04565154301880936
2025-08-24,mmf,0.045645834911499206,0.045645834911499206
2025-08-25,mmf,0.045640128231219323,0.045640128231219323
2025-08-26,mmf,0.045634422977442135,0.045634422977442135
2025-08-27,mmf,0.045628719149628294,0.045628719149628294
2025-08-28,mmf,0.04562301674724201,0.04562301674724201
2025-08-29,mmf,0.04561731576975547,0.04561731576975547
2025-08-30,mmf,0.04561161621662957,0.04561161621662957
2025-08-31,mmf,0.04560591808733383,0.04560591808733383
2025-09-01,mmf,0.04565193269193868,0.04565193269193868
2025-09-02,mmf,0.04569793789219179,0.04569793789219179
2025-09-03,mmf,0.04574393369093155,0.04574393369093155
2025-09-04,mmf,0.045789920090997915,0.045789920090997915
2025-09-05,mmf,0.045835897095223066,0.045835897095223066
2025-09-06,mmf,0.04588186470644562,0.04588186470644562
2025-09-07,mmf,0.0459278229274942,0.0459278229274942
2025-09-08,mmf,0.04597377176120632,0.04597377176120632
2025-09-09,mmf,0.04601971121041504,0.04601971121041504
2025-09-10,mmf,0.04606564127794566,0.04606564127794566
2025-09-11,mmf,0.046111561966635684,0.046111561966635684
2025-09-12,mmf,0.046157473279304195,0.046157473279304195
2025-09-13,mmf,0.046203375218784926,0.046203375218784926
2025-09-14,mmf,0.046249267787903836,0.046249267787903836
2025-09-15,mmf,0.04629515098948511,0.04629515098948511
2025-09-16,mmf,0.04634102482635449,0.04634102482635449
2025-09-17,mmf,0.04638688930132906,0.04638688930132906
2025-09-18,mmf,0.04643274441723322,0.04643274441723322
2025-09-19,mmf,0.04647859017689182,0.04647859017689182
2025-09-20,mmf,0.04652442658312261,0.04652442658312261
2025-09-21,mmf,0.04657025363874112,0.04657025363874112
2025-09-22,mmf,0.04661607134656642,0.04661607134656642
2025-09-23,mmf,0.04666187970941316,0.04666187970941316
2025-09-24,mmf,0.0467076787301024,0.0467076787301024
2025-09-25,mmf,0.04675346841144212,0.04675346841144212
2025-09-26,mmf,0.04679924875624941,0.04679924875624941
2025-09-27,mmf,0.04684501976733113,0.04684501976733113
2025-09-28,mmf,0.04689078144750081,0.04689078144750081
2025-09-29,mmf,0.0469365337995693,0.0469365337995693
2025-09-30,mmf,0.04698227682634393,0.04698227682634393
2025-10-01,mmf,0.04692464935324847,0.04692464935324847
2025-10-02,mmf,0.0468670393114905,0.0468670393114905
2025-10-03,mmf,0.046809446693244494,0.046809446693244494
2025-10-04,mmf,0.046751871490693375,0.046751871490693375
2025-10-05,mmf,0.04669431369602384,0.04669431369602384
2025-10-06,mmf,0.0466367733014339,0.0466367733014339
2025-10-07,mmf,0.046579250299116914,0.046579250299116914
2025-10-08,mmf,0.046521744681279786,0.046521744681279786
2025-10-09,mmf,0.04646425644012009,0.04646425644012009
2025-10-10,mmf,0.046406785567856934,0.046406785567856934
2025-10-11,mmf,0.04634933205670255,0.04634933205670255
2025-10-12,mmf,0.04629189589887961,0.04629189589887961
2025-10-13,mmf,0.046234477086610104,0.046234477086610104
2025-10-14,mmf,0.04617707561212603,0.04617707561212603
2025-10-15,mmf,0.046119691467658486,0.046119691467658486
2025-10-16,mmf,0.04606232464544613,0.04606232464544613
2025-10-17,mmf,0.04600497513773805,0.04600497513773805
2025-10-18,mmf,0.04594764293677622,0.04594764293677622
2025-10-19,mmf,0.04589032803481907,0.04589032803481907
2025-10-20,mmf,0.045833030424118126,0.045833030424118126
2025-10-21,mmf,0.04577575009693824,0.04577575009693824
2025-10-22,mmf,0.04571848704554293,0.04571848704554293
2025-10-23,mmf,0.045661241262203944,0.045661241262203944
2025-10-24,mmf,0.045604012739202116,0.045604012739202116
2025-10-25,mmf,0.04554680146880741,0.04554680146880741
2025-10-26,mmf,0.04548960744331021,0.04548960744331021
2025-10-27,mmf,0.04543243065499758,0.04543243065499758
2025-10-28,mmf,0.045375271096167014,0.045375271096167014
2025-10-29,mmf,0.04531812875911756,0.04531812875911756
2025-10-30,mmf,0.04526100363614449,0.04526100363614449
2025-10-31,mmf,0.04525539275298884,0.04525539275298884
2025-11-01,mmf,0.04530108933078192,0.04530108933078192
2025-11-02,mmf,0.04534677664130604,0.04534677664130604
2025-11-03,mmf,0.04539245468734143,0.04539245468734143
2025-11-04,mmf,0.04543812347166054,0.04543812347166054
2025-11-05,mmf,0.04548378299703981,0.04548378299703981
2025-11-06,mmf,0.04552943326624792,0.04552943326624792
2025-11-07,mmf,0.04557507428205221,0.04557507428205221
2025-11-08,mmf,0.04562070604723112,0.04562070604723112
2025-11-09,mmf,0.045666328564550884,0.045666328564550884
2025-11-10,mmf,0.04571194183677507,0.04571194183677507
2025-11-11,mmf,0.04575754586667702,0.04575754586667702
2025-11-12,mmf,0.04580314065701652,0.04580314065701652
2025-11-13,mmf,0.04584872621056313,0.04584872621056313
2025-11-14,mmf,0.04589430253007576,0.04589430253007576
2025-11-15,mmf,0.045939869618322415,0.045939869618322415
2025-11-16,mmf,0.045985427478061114,0.045985427478061114
2025-11-17,mmf,0.046030976112050315,0.046030976112050315
2025-11-18,mmf,0.04607651552304981,0.04607651552304981
2025-11-19,mmf,0.046122045713822946,0.046122045713822946
2025-11-20,mmf,0.04616756668712241,0.04616756668712241
2025-11-21,mmf,0.04621307844570488,0.04621307844570488
2025-11-22,mmf,0.046258580992324605,0.046258580992324605
2025-11-23,mmf,0.0463040743297376,0.0463040743297376
2025-11-24,mmf,0.04634955846069411,0.04634955846069411
2025-11-25,mmf,0.046395033387948814,0.046395033387948814
2025-11-26,mmf,0.04644049911425108,0.04644049911425108
2025-11-27,mmf,0.04648595564234603,0.04648595564234603
2025-11-28,mmf,0.0465314029749877,0.0465314029749877
2025-11-29,mmf,0.04657684111492233,0.04657684111492233
2025-11-30,mmf,0.04662227006489794,0.04662227006489794
2025-12-01,mmf,0.046565138067701906,0.046565138067701906
2025-12-02,mmf,0.04650802322014225,0.04650802322014225
2025-12-03,mmf,0.04645092551458152,0.04645092551458152
2025-12-04,mmf,0.046393844943387386,0.046393844943387386
2025-12-05,mmf,0.04633678149892906,0.04633678149892906
2025-12-06,mmf,0.04627973517358286,0.04627973517358286
2025-12-07,mmf,0.04622270595973865,0.04622270595973865
2025-12-08,mmf,0.04616569384977964,0.04616569384977964
2025-12-09,mmf,0.04610869883609037,0.04610869883609037
2025-12-10,mmf,0.04605172091107179,0.04605172091107179
2025-12-11,mmf,0.04599476006712355,0.04599476006712355
2025-12-12,mmf,0.04593781629664728,0.04593781629664728
2025-12-13,mmf,0.04588088959205461,0.04588088959205461
2025-12-14,mmf,0.04582397994575382,0.04582397994575382
2025-12-15,mmf,0.04576708735016255,0.04576708735016255
2025-12-16,mmf,0.045710211797706624,0.045710211797706624
2025-12-17,mmf,0.04565335328081099,0.04565335328081099
2025-12-18,mmf,0.045596511791907046,0.045596511791907046
2025-12-19,mmf,0.04553968732343172,0.04553968732343172
2025-12-20,mmf,0.04548287986781774,0.04548287986781774
2025-12-21,mmf,0.04542608941751647,0.04542608941751647
2025-12-22,mmf,0.04536931596496996,0.04536931596496996
2025-12-23,mmf,0.04531255950263602,0.04531255950263602
2025-12-24,mmf,0.045255820022974236,0.045255820022974236
2025-12-25,mmf,0.0451990975184402,0.0451990975184402
2025-12-26,mmf,0.04514239198150016,0.04514239198150016
2025-12-27,mmf,0.04508570340462992,0.04508570340462992
2025-12-28,mmf,0.04502903178029949,0.04502903178029949
2025-12-29,mmf,0.04497237710099666,0.04497237710099666
2025-12-30,mmf,0.04491573935919457,0.04491573935919457
2025-12-31,mmf,0.044910213733931226,0.044910213733931226
2026-01-01,mmf,0.04490468946783377,0.04490468946783377
2026-01-02,mmf,0.0448991665604046,0.0448991665604046
2026-01-03,mmf,0.04489364501114057,0.04489364501114057
2026-01-04,mmf,0.044888124819541186,0.044888124819541186
2026-01-05,mmf,0.044882605985103075,0.044882605985103075
2026-01-06,mmf,0.04487708850733152,0.04487708850733152
2026-01-07,mmf,0.04487157238571782,0.04487157238571782
2026-01-08,mmf,0.0448660576197728,0.0448660576197728
2026-01-09,mmf,0.044860544208990216,0.044860544208990216
2026-01-10,mmf,0.044855032152872676,0.044855032152872676
2026-01-11,mmf,0.044849521450919694,0.044849521450919694
2026-01-12,mmf,0.044844012102631226,0.044844012102631226
2026-01-13,mmf,0.044838504107512334,0.044838504107512334
2026-01-14,mmf,0.04483299746506275,0.04483299746506275
2026-01-15,mmf,0.0448274921747851,0.0448274921747851
2026-01-16,mmf,0.04482198823617889,0.04482198823617889
2026-01-17,mmf,0.04481648564874985,0.04481648564874985
2026-01-18,mmf,0.04481098441199727,0.04481098441199727
2026-01-19,mmf,0.04480548452542665,0.04480548452542665
2026-01-20,mmf,0.04479998598854085,0.04479998598854085
2026-01-21,mmf,0.04479448880084225,0.04479448880084225
2026-01-22,mmf,0.044788992961833474,0.044788992961833474
2026-01-23,mmf,0.04478349847101715,0.04478349847101715
2026-01-24,mmf,0.044778005327904546,0.044778005327904546
2026-01-25,mmf,0.0447725135319923,0.0447725135319923
2026-01-26,mmf,0.04476702308278924,0.04476702308278924
2026-01-27,mmf,0.04476153397979754,0.04476153397979754
2026-01-28,mmf,0.04475604622252294,0.04475604622252294
2026-01-29,mmf,0.04475055981047116,0.04475055981047116
2026-01-30,mmf,0.04474507474315015,0.04474507474315015
2026-01-31,mmf,0.04473959102006009,0.04473959102006009
2026-02-01,mmf,0.04358770064510642,0.04358770064510642
2026-02-02,mmf,0.042437252281168014,0.042437252281168014
2026-02-03,mmf,0.041288243915929224,0.041288243915929224
2026-02-04,mmf,0.040140673540165706,0.040140673540165706
2026-02-05,mmf,0.03899453914774309,0.03899453914774309
2026-02-06,mmf,0.037849838735594554,0.037849838735594554
2026-02-07,mmf,0.036706570303738584,0.036706570303738584
2026-02-08,mmf,0.035564731855259435,0.035564731855259435
2026-02-09,mmf,0.034424321396296476,0.034424321396296476
2026-02-10,mmf,0.033285336936061505,0.033285336936061505
2026-02-11,mmf,0.03214777648680567,0.03214777648680567
2026-02-12,mmf,0.03101163806383478,0.03101163806383478
2026-02-13,mmf,0.02987691968550532,0.02987691968550532
2026-02-14,mmf,0.028743619373195806,0.028743619373195806
2026-02-15,mmf,0.027611735151331862,0.027611735151331862
2026-02-16,mmf,0.02648126504735626,0.02648126504735626
2026-02-17,mmf,0.02535220709174557,0.02535220709174557
2026-02-18,mmf,0.024224559317980843,0.024224559317980843
2026-02-19,mmf,0.023098319762572928,0.023098319762572928
2026-02-20,mmf,0.021973486465021397,0.021973486465021397
2026-02-21,mmf,0.02085005746784563,0.02085005746784563
2025-02-21,aave,0.0444897,0.044489699999999965
2025-02-24,aave,0.0417792,0.041779199999999905
2025-02-25,aave,0.0397985999999999,0.039798599999999906
2025-02-26,aave,0.0352677,0.0352676999999999
2025-02-27,aave,0.0328426,0.032842599999999944
2025-02-28,aave,0.0335155,0.03351550000000003
2025-03-03,aave,0.0338523,0.033852299999999946
2025-03-04,aave,0.0331658,0.03316579999999991
2025-03-05,aave,0.0336741,0.03367410000000004
2025-03-06,aave,0.0347455,0.034745500000000096
2025-03-07,aave,0.0337992,0.03379920000000003
2025-03-10,aave,0.0274869999999999,0.027486999999999817
2025-03-11,aave,0.0268137,0.02681369999999994
2025-03-12,aave,0.0266123999999999,0.02661239999999987
2025-03-13,aave,0.0266073,0.0266073
2025-03-14,aave,0.0271275999999999,0.027127599999999807
2025-03-17,aave,0.0267594,0.02675939999999999
2025-03-18,aave,0.0264739,0.02647390000000005
2025-03-19,aave,0.037794,0.037794000000000105
2025-03-20,aave,0.0343485,0.03434849999999989
2025-03-21,aave,0.0289412,0.0289412
2025-03-24,aave,0.0236524,0.023652400000000018
2025-03-25,aave,0.0248828,0.024882800000000094
2025-03-26,aave,0.0266265,0.02662650000000011
2025-03-27,aave,0.0265128,0.026512799999999892
2025-03-28,aave,0.0237418,0.023741800000000035
2025-03-31,aave,0.0323464,0.0323464
2025-04-01,aave,0.0299237999999999,0.029923799999999945
2025-04-02,aave,0.0298455,0.02984549999999997
2025-04-03,aave,0.0270048,0.02700480000000005
2025-04-04,aave,0.0266333999999999,0.24004645252707935
2025-04-07,aave,0.0184214,0.2580098484553206
2025-04-08,aave,0.018456,0.49099461363706376
2025-04-09,aave,0.0176389,0.4623433495348688
2025-04-10,aave,0.0171725,0.3142334889193723
2025-04-11,aave,0.0175322,0.19027395320445373
2025-04-14,aave,0.0171142,0.26225179280498523
2025-04-15,aave,0.0184808,0.33522554488797973
2025-04-16,aave,0.020652,0.4844676157046428
2025-04-17,aave,0.02022,0.4673360406083724
2025-04-18,aave,0.0207613,0.5069559816179834
2025-04-21,aave,0.0338732,0.45472426562900314
2025-04-22,aave,0.0312083,0.4386200997045937
2025-04-23,aave,0.0226266,0.3950150567151749
2025-04-24,aave,0.0203485,0.4177794472400638
2025-04-25,aave,0.0255468999999999,0.463734639975119
2025-04-28,aave,0.0181985,0.4257499743085187
2025-04-29,aave,0.0193317,0.3080048234447925
2025-04-30,aave,0.0198327999999999,0.08157138964136745
2025-05-01,aave,0.023849,0.12662363623946238
2025-05-02,aave,0.0250139999999999,-0.019438830567265364
2025-05-05,aave,0.0240871,-0.0592099744676462
2025-05-06,aave,0.0229721999999999,-0.07724881244470216
2025-05-07,aave,0.0384077,0.008325978020900848
2025-05-08,aave,0.0305494999999999,-0.014711714199785564
2025-05-09,aave,0.0277826,-0.002026808412149639
2025-05-12,aave,0.0374162,0.007327382385087677
2025-05-13,aave,0.03712,0.007039773255152593
2025-05-14,aave,0.0452838,0.041449249772661734
2025-05-15,aave,0.0342654,0.004267966967804737
2025-05-16,aave,0.0439978,-0.040894108156311226
2025-05-19,aave,0.0330306999999999,-0.05796906470765906
2025-05-20,aave,0.0355008,-0.2521506402153343
2025-05-21,aave,0.0353264,-0.26328563403169225
2025-05-22,aave,0.0369047,-0.26314733630187925
2025-05-23,aave,0.0368888999999999,-0.32013979745348675
2025-05-26,aave,0.0358106,-0.2992043581108893
2025-05-27,aave,0.0378603,-0.3010832284277808
2025-05-28,aave,0.0365343999999999,-0.2978864581680001
2025-05-29,aave,0.0362795,-0.2980591188552024
2025-05-30,aave,0.0379472999999999,-0.29692940722665706
2025-06-02,aave,0.0397005,-0.30912120059214254
2025-06-03,aave,0.0409938,-0.31503867626650117
2025-06-04,aave,0.0424617,-0.31645659652294433
2025-06-05,aave,0.0370138,-0.3300282396337485
2025-06-06,aave,0.0375457,-0.3100420493280325
2025-06-09,aave,0.0459845,-0.31687920346010257
2025-06-10,aave,0.0422642,-0.27357205807135876
2025-06-11,aave,0.0401235,-0.1944150343964084
2025-06-12,aave,0.0372711,-0.20856830671380544
2025-06-13,aave,0.0370399,-0.06547242881220161
2025-06-16,aave,0.0319709,-0.09065820056534013
2025-06-17,aave,0.0323055,-0.09025787798516582
2025-06-18,aave,0.0318621,-0.13306522506706953
2025-06-19,aave,0.0324645999999999,-0.04045669900282012
2025-06-20,aave,0.03209,-0.06252442723389062
2025-06-23,aave,0.0357221,0.013062221514145156
2025-06-24,aave,0.0355655,-0.08352437755721831
2025-06-25,aave,0.0330364,-0.14798644019975937
2025-06-26,aave,0.0315044,-0.18149958225481677
2025-06-27,aave,0.0269908,-0.13867904678764653
2025-06-30,aave,0.0287971,-0.11030269721415431
2025-07-01,aave,0.0306261,-0.12868805002917694
2025-07-02,aave,0.0321758,-0.08047963256515867
2025-07-03,aave,0.0344268,-0.0684535625519036
2025-07-04,aave,0.0328451,0.007942038108589067
2025-07-07,aave,0.0348063,0.02708034652922131
2025-07-08,aave,0.0346023,-0.01642014043617457
2025-07-09,aave,0.0373008,0.0010939533822333924
2025-07-10,aave,0.0398712,-0.013209337502687268
2025-07-11,aave,0.0424099,-0.018194752676038872
2025-07-14,aave,0.0374966,0.0374966000000001
2025-07-15,aave,0.0357941,0.01661279074847588
2025-07-16,aave,0.0468996,0.031368197066450554
2025-07-17,aave,0.0438625,0.08760136511694405
2025-07-18,aave,0.0358285,0.04750373968396482
2025-07-21,aave,0.0313539,0.058665534888262316
2025-07-22,aave,0.0329971,0.0643237030432422
2025-07-23,aave,0.0321554,0.05952229511539597
2025-07-24,aave,0.0319339,0.07127284711392634
2025-07-25,aave,0.0295274,0.045007133129640664
2025-07-28,aave,0.0329914,0.092459934220668
2025-07-29,aave,0.0332361,0.12520634824591226
2025-07-30,aave,0.0368139,0.1086528023585116
2025-07-31,aave,0.0384513,0.08564574055259633
2025-08-01,aave,0.0351345,0.11879282076365882
2025-08-04,aave,0.0361445,-0.03421152587720577
2025-08-05,aave,0.0343041,0.057632094916120646
2025-08-06,aave,0.0368247,0.09235118519946428
2025-08-07,aave,0.0361248,0.10504867458415901
2025-08-08,aave,0.0377975,0.1068326439650451
2025-08-11,aave,0.0406303,0.06825630175117814
2025-08-12,aave,0.0485737,0.12593525051945287
2025-08-13,aave,0.0513701,0.015705086518982947
2025-08-14,aave,0.0538462999999999,-0.00741658106045473
2025-08-15,aave,0.0543609,0.0347161634626465
2025-08-18,aave,0.0549343,0.0008905571432262782
2025-08-19,aave,0.0536452,0.08166912234904533
2025-08-20,aave,0.054749,0.07467148415322344
2025-08-21,aave,0.0527236,0.10521507723847989
2025-08-22,aave,0.0499735,0.15713747600669792
2025-08-25,aave,0.0394315,0.04685126048635424
2025-08-26,aave,0.0420354999999999,0.06925649989629878
2025-08-27,aave,0.0424711,0.11483930501755002
2025-08-28,aave,0.0406395,0.052329258328089434
2025-08-29,aave,0.0367216999999999,0.2026529113038611
2025-09-01,aave,0.0426623999999999,0.1273306439262505
2025-09-02,aave,0.0616872,0.1352030257255501
2025-09-03,aave,0.0450261,0.14645528472003133
2025-09-04,aave,0.0458345,0.15633909162929394
2025-09-05,aave,0.0460559,0.1309727343780609
2025-09-08,aave,0.0394835,0.011959952645567151
2025-09-09,aave,0.0428594,0.10689714560169561
2025-09-10,aave,0.0429513,0.09845693984808834
2025-09-11,aave,0.0453986,0.04926995124085942
2025-09-12,aave,0.0462748,-0.03733831478104688
2025-09-15,aave,0.0461923,0.06183080433011923
2025-09-16,aave,0.0888732,0.1384054095958278
2025-09-17,aave,0.0489021,0.10482926168786322
2025-09-18,aave,0.0499024,0.23149126249660323
2025-09-19,aave,0.050543,0.3117115344945274
2025-09-22,aave,0.0469724,0.34161028262798254
2025-09-23,aave,0.0536219999999999,0.3949706940947315
2025-09-24,aave,0.0483805,0.49684918129746825
2025-09-25,aave,0.0459581,0.6674234547194628
2025-09-26,aave,0.0510189999999999,0.6024138088535058
2025-09-29,aave,0.0435573,0.5229872293724174
2025-09-30,aave,0.0454738,0.4315764747599622
2025-10-01,aave,0.0470164,0.34417744189761956
2025-10-02,aave,0.0467415,0.30705325767253555
2025-10-03,aave,0.0469363,0.20949677305352576
2025-10-06,aave,0.0371583,0.29134329070144527
2025-10-07,aave,0.0360225,0.24275408102043583
2025-10-08,aave,0.0469336999999999,0.2137327832785878
2025-10-09,aave,0.0475824,0.2146486173119726
2025-10-10,aave,0.045351,0.0925797300200688
2025-10-13,aave,0.0421978999999999,0.15989883591744602
2025-10-14,aave,0.0396007,0.18290839269686687
2025-10-15,aave,0.037654,0.15952089223574295
2025-10-16,aave,0.0373648,0.1587293323557457
2025-10-17,aave,0.0378649,0.16782885405278725
2025-10-20,aave,0.0374424,0.2678552312262976
2025-10-21,aave,0.0301357,0.12111324926800315
2025-10-22,aave,0.0493666,0.14213032429014416
2025-10-23,aave,0.0418438,0.17197155912322848
2025-10-24,aave,0.0378464,0.21855127474666514
2025-10-27,aave,0.0375999,0.20678449985558411
2025-10-28,aave,0.0383995,0.17255201019815258
2025-10-29,aave,0.0373021,0.18869136252185226
2025-10-30,aave,0.0363023,0.1442729029551746
2025-10-31,aave,0.0346319,0.0653947035336453
2025-11-03,aave,0.0369337999999999,0.07556767699428457
2025-11-04,aave,0.036189,0.06065802566626122
2025-11-05,aave,0.0563856,0.07974257786847971
2025-11-06,aave,0.0496107,0.015052584610622866
2025-11-07,aave,0.0487808,0.014599555705017142
2025-11-10,aave,0.0472438,0.03205908308203553
2025-11-11,aave,0.0487383,0.06415443705680679
2025-11-12,aave,0.0432083999999999,0.11574721128845633
2025-11-13,aave,0.0317145,0.14281460786961575
2025-11-14,aave,0.0321824999999999,0.1596414018002743
2025-11-17,aave,0.0435652,0.18603766957805679
2025-11-18,aave,0.0352731,0.19829653185259644
2025-11-19,aave,0.0344627,0.13978859584248826
2025-11-20,aave,0.0294458,0.17857813898177888
2025-11-21,aave,0.0310495,0.14565938504841602
2025-11-24,aave,0.032306,0.13741230710375119
2025-11-25,aave,0.0327407,0.09905406281923201
2025-11-26,aave,0.0301413,0.10436696593669992
2025-11-27,aave,0.0294778999999999,0.08365721278300242
2025-11-28,aave,0.0307541,0.08893783067458139
2025-12-01,aave,0.0303829,0.09254757820117954
2025-12-02,aave,0.0448182,0.06803897775112744
2025-12-03,aave,0.0428537,0.0778279014022909
2025-12-04,aave,0.0433159,0.06257105967622234
2025-12-05,aave,0.0301928,0.06470012159868022
2025-12-08,aave,0.0405558,0.0991659480902749
2025-12-09,aave,0.0425107,0.08927829734569537
2025-12-10,aave,0.042815,0.09754406315048958
2025-12-11,aave,0.0394539999999999,0.06248544399850786
2025-12-12,aave,0.0390364,0.046663663324852944
2025-12-15,aave,0.0292657,0.03680986016936716
2025-12-16,aave,0.0235205,0.018312014824797274
2025-12-17,aave,0.0239732,0.009156799847516162
2025-12-18,aave,0.0242079,0.039993866025269664
2025-12-19,aave,0.0248974,0.06715586651852434
2025-12-22,aave,0.0257494,0.11940430529429902
2025-12-23,aave,0.0253306999999999,0.09072178906130501
2025-12-24,aave,0.0245136,0.0686624394901012
2025-12-25,aave,0.0240874999999999,0.04666198692130741
2025-12-26,aave,0.0239074,0.07036761754074794
2025-12-29,aave,0.024975,0.07061939247513727
2025-12-30,aave,0.0377478,0.05293357857686032
2025-12-31,aave,0.0326206,0.0195261114325902
2026-01-01,aave,0.0277147999999999,-0.012645566574841394
2026-01-02,aave,0.0279043,0.047552250192069545
2026-01-05,aave,0.0236753,0.05968485531437695
2026-01-06,aave,0.0243497,0.09374475968710194
2026-01-07,aave,0.0245325,0.11397140465014455
2026-01-08,aave,0.0321742,0.15125373425749333
2026-01-09,aave,0.02533,0.13937540846679974
2026-01-12,aave,0.0254056,0.1644638537878147
2026-01-13,aave,0.0249277,0.22466234475518676
2026-01-14,aave,0.0265781,0.22221712293629525
2026-01-15,aave,0.0278596,0.22342455575880082
2026-01-16,aave,0.0283544,0.22849582244985678
2026-01-19,aave,0.0296051999999999,0.2337629872037681
2026-01-20,aave,0.0405455,0.2789721489110497
2026-01-21,aave,0.0344762,0.23966654665280385
2026-01-22,aave,0.0342017,0.20869967843153936
2026-01-23,aave,0.0338486,0.17418573153400096
2026-01-26,aave,0.0265279,0.11207349381420562
2026-01-27,aave,0.0271285,0.08471580897754905
2026-01-28,aave,0.027667,0.04275516617774744
2026-01-29,aave,0.0269725,0.05153245539911455
2026-01-30,aave,0.0271373,0.06123977568798278
2026-02-02,aave,0.0259778999999999,0.04096440796878098
2026-02-03,aave,0.024553,0.017144546318420106
2026-02-04,aave,0.0220919,0.033280619001278655
2026-02-05,aave,0.0213586,0.07839467914646048
2026-02-06,aave,0.0211252,0.10574658458913277
2026-02-09,aave,0.0187453,0.029877352375730526
2026-02-10,aave,0.0181361,0.04430837775390173
2026-02-11,aave,0.018358,0.09917843333976473
2026-02-12,aave,0.0181983,0.12722312007207126
2026-02-13,aave,0.0188194,0.1034329819363431
2026-02-16,aave,0.0181693,0.0868060720783741
2026-02-17,aave,0.018434,0.0792186181560639
2026-02-18,aave,0.0182390999999999,0.09855140380241845
2026-02-19,aave,0.017936,0.08243795561623246
2026-02-20,aave,0.0229509,0.07215867776506024
2025-12-01,pendle_pt,0.0601827,0.06018269999999992
2025-12-02,pendle_pt,0.2967212999999999,0.29672129999999997
2025-12-03,pendle_pt,0.2607276,0.26072760000000006
2025-12-04,pendle_pt,0.2773078,0.2773078
2025-12-05,pendle_pt,0.259438,0.25943800000000006
2025-12-08,pendle_pt,0.2522945,0.2522945000000001
2025-12-09,pendle_pt,0.0985163,0.0985163
2025-12-10,pendle_pt,0.1117125,0.1117125000000001
2025-12-11,pendle_pt,0.1326476,0.1326476000000001
2025-12-12,pendle_pt,0.142544,0.142544
2025-12-15,pendle_pt,0.1823399,0.1823399000000001
2025-12-16,pendle_pt,0.1878137,0.18781369999999997
2025-12-17,pendle_pt,0.1785238999999999,0.17852389999999985
2025-12-18,pendle_pt,0.1697901999999999,0.1697902
2025-12-19,pendle_pt,0.1611567,0.16115670000000004
2025-12-22,pendle_pt,0.1543754,0.15437539999999994
2025-12-23,pendle_pt,0.1386261,0.13862609999999997
2025-12-24,pendle_pt,0.1375031,0.1375031
2025-12-25,pendle_pt,0.1322977,0.13229770000000007
2025-12-26,pendle_pt,0.1357628,0.13576279999999996
2025-12-29,pendle_pt,0.1394296,0.13942959999999993
2025-12-30,pendle_pt,0.1398762,0.1398762
2025-12-31,pendle_pt,0.1427129,0.14271290000000003
2026-01-01,pendle_pt,0.1559387,0.1559387000000001
2026-01-02,pendle_pt,0.1577161,0.15771610000000003
2026-01-05,pendle_pt,0.1604325,0.16043249999999998
2026-01-06,pendle_pt,0.1578707,0.15787069999999992
2026-01-07,pendle_pt,0.1537337,0.15373370000000008
2026-01-08,pendle_pt,0.1496498,0.14964979999999994
2026-01-09,pendle_pt,0.1478145,0.14781449999999996
2026-01-12,pendle_pt,0.1380243,0.2923551052209783
2026-01-13,pendle_pt,0.1363861,0.3578414026405978
2026-01-14,pendle_pt,0.1344108,0.3505999243543778
2026-01-15,pendle_pt,0.1365233,0.3527630752410409
2026-01-16,pendle_pt,0.1351909,0.3561251630110136
2026-01-19,pendle_pt,0.1300442,0.3541177801591253
2026-01-20,pendle_pt,0.1293272,0.3880969508855683
2026-01-21,pendle_pt,0.1307075,0.35498551034757986
2026-01-22,pendle_pt,0.1225773,0.3119866477927329
2026-01-23,pendle_pt,0.1234889,0.2759940245765482
2026-01-26,pendle_pt,0.1251155,0.21887688101757052
2026-01-27,pendle_pt,0.1265822,0.18974551134810036
2026-01-28,pendle_pt,0.1246427,0.1411546595629618
2026-01-29,pendle_pt,0.1217963999999999,0.14862406047862708
2026-01-30,pendle_pt,0.1195058,0.1566750463383968
2026-02-02,pendle_pt,0.1134185,0.12968225697063107
2026-02-03,pendle_pt,0.1115157,0.10347842659413531
2026-02-04,pendle_pt,0.1117174,0.12388723873703733
2026-02-05,pendle_pt,0.1122106,0.17432015859101058
2026-02-06,pendle_pt,0.1144492,0.2068044120330117
2026-02-09,pendle_pt,0.1142214,0.12639674057134775
2026-02-10,pendle_pt,0.1141548,0.14279534116777026
2026-02-11,pendle_pt,0.116399,0.20500030814515124
2026-02-12,pendle_pt,0.1163532999999999,0.23588818595430094
2026-02-13,pendle_pt,0.1161904,0.20889070377018704
2026-02-16,pendle_pt,0.1148976,0.19005501484439402
2026-02-17,pendle_pt,0.1141418,0.1806386803915716
2026-02-18,pendle_pt,0.1127203,0.20048468734352087
2026-02-19,pendle_pt,0.1134435,0.18399732972817784
2026-02-20,pendle_pt,0.1121673,0.1656667214638914
2025-12-01,pendle_yt,0.0601827,0.06018269999999992
2025-12-02,pendle_yt,0.2967212999999999,0.29672129999999997
2025-12-03,pendle_yt,0.2607276,0.26072760000000006
2025-12-04,pendle_yt,0.2773078,0.2773078
2025-12-05,pendle_yt,0.259438,0.25943800000000006
2025-12-08,pendle_yt,0.2522945,0.2522945000000001
2025-12-09,pendle_yt,0.0985163,0.0985163
2025-12-10,pendle_yt,0.1117125,0.1117125000000001
2025-12-11,pendle_yt,0.1326476,0.1326476000000001
2025-12-12,pendle_yt,0.142544,0.142544
2025-12-15,pendle_yt,0.1823399,0.1823399000000001
2025-12-16,pendle_yt,0.1878137,0.18781369999999997
2025-12-17,pendle_yt,0.1785238999999999,0.17852389999999985
2025-12-18,pendle_yt,0.1697901999999999,0.1697902
2025-12-19,pendle_yt,0.1611567,0.16115670000000004
2025-12-22,pendle_yt,0.1543754,0.15437539999999994
2025-12-23,pendle_yt,0.1386261,0.13862609999999997
2025-12-24,pendle_yt,0.1375031,0.1375031
2025-12-25,pendle_yt,0.1322977,0.13229770000000007
2025-12-26,pendle_yt,0.1357628,0.13576279999999996
2025-12-29,pendle_yt,0.1394296,0.13942959999999993
2025-12-30,pendle_yt,0.1398762,0.1398762
2025-12-31,pendle_yt,0.1427129,0.14271290000000003
2026-01-01,pendle_yt,0.1559387,0.1559387000000001
2026-01-02,pendle_yt,0.1577161,0.15771610000000003
2026-01-05,pendle_yt,0.1604325,0.16043249999999998
2026-01-06,pendle_yt,0.1578707,0.15787069999999992
2026-01-07,pendle_yt,0.1537337,0.15373370000000008
2026-01-08,pendle_yt,0.1496498,0.14964979999999994
2026-01-09,pendle_yt,0.1478145,0.14781449999999996
2026-01-12,pendle_yt,0.1380243,0.2923551052209783
2026-01-13,pendle_yt,0.1363861,0.3578414026405978
2026-01-14,pendle_yt,0.1344108,0.3505999243543778
2026-01-15,pendle_yt,0.1365233,0.3527630752410409
2026-01-16,pendle_yt,0.1351909,0.3561251630110136
2026-01-19,pendle_yt,0.1300442,0.3541177801591253
2026-01-20,pendle_yt,0.1293272,0.3880969508855683
2026-01-21,pendle_yt,0.1307075,0.35498551034757986
2026-01-22,pendle_yt,0.1225773,0.3119866477927329
2026-01-23,pendle_yt,0.1234889,0.2759940245765482
2026-01-26,pendle_yt,0.1251155,0.21887688101757052
2026-01-27,pendle_yt,0.1265822,0.18974551134810036
2026-01-28,pendle_yt,0.1246427,0.1411546595629618
2026-01-29,pendle_yt,0.1217963999999999,0.14862406047862708
2026-01-30,pendle_yt,0.1195058,0.1566750463383968
2026-02-02,pendle_yt,0.1134185,0.12968225697063107
2026-02-03,pendle_yt,0.1115157,0.10347842659413531
2026-02-04,pendle_yt,0.1117174,0.12388723873703733
2026-02-05,pendle_yt,0.1122106,0.17432015859101058
2026-02-06,pendle_yt,0.1144492,0.2068044120330117
2026-02-09,pendle_yt,0.1142214,0.12639674057134775
2026-02-10,pendle_yt,0.1141548,0.14279534116777026
2026-02-11,pendle_yt,0.116399,0.20500030814515124
2026-02-12,pendle_yt,0.1163532999999999,0.23588818595430094
2026-02-13,pendle_yt,0.1161904,0.20889070377018704
2026-02-16,pendle_yt,0.1148976,0.19005501484439402
2026-02-17,pendle_yt,0.1141418,0.1806386803915716
2026-02-18,pendle_yt,0.1127203,0.20048468734352087
2026-02-19,pendle_yt,0.1134435,0.18399732972817784
2026-02-20,pendle_yt,0.1121673,0.1656667214638914
