chain,project,symbol,tvlUsd,apyBase,apyReward,apy,rewardTokens,pool,apyPct1D,apyPct7D,apyPct30D,stablecoin,ilRisk,exposure,predictions,poolMeta,mu,sigma,count,outlier,underlyingTokens,il7d,apyBase7d,apyMean30d,volumeUsd1d,volumeUsd7d,apyBaseInception
Ethereum,pendle,SNUSD,34136959,12.00505,,12.00505,,4b1a1868-5852-42bd-9d0d-e9b09c20d51e,-0.19915,-0.04203,-1.02154,True,no,single,"{'predictedClass': 'Down', 'predictedProbability': 59, 'binnedConfidence': 1}",For buying PT-sNUSD-05MAR2026,13.66965,0.09084,86,False,['0x08efcc2f3e61185d0ea7f8830b3fec9bfa2ee313'],,,12.22263,,,
Ethereum,pendle,SNUSD,34136959,10.0648,0.29944,10.36424,['0x808507121b80c02388fad14726482e061b8da827'],ef064741-6170-4e8b-8c5c-885059ab9072,-0.15894,-1.05893,-2.18056,True,no,single,"{'predictedClass': 'Down', 'predictedProbability': 53, 'binnedConfidence': 1}",For LP | Maturity 05MAR2026,14.20844,0.1879,86,False,"['0x54bf2659b5cdfd86b75920e93c0844c0364f5166', '0x10c5e7711eaddc1b6b64e40ef1976fc462666409']",,,11.53283,1187.49794,35851.98866,
Ethereum,pendle,SUSDE,29106705,3.90385,,3.90385,,e2fa0a1c-91bc-4653-b165-5005a8327402,-0.01732,-0.53358,-0.81081,True,no,single,"{'predictedClass': 'Stable/Up', 'predictedProbability': 53, 'binnedConfidence': 1}",For buying PT-sUSDe-07MAY2026,4.60553,0.02189,47,False,['0x9d39a5de30e57443bff2a8307a4256c8797a3497'],,,4.41343,,,
Ethereum,pendle,SUSDE,29106705,3.58117,1.27778,4.85895,['0x808507121b80c02388fad14726482e061b8da827'],c1239c10-073c-4e0e-a310-86bdaafccaee,0.16792,0.12634,-0.5887,True,no,single,"{'predictedClass': 'Stable/Up', 'predictedProbability': 59, 'binnedConfidence': 1}",For LP | Maturity 07MAY2026,5.86565,0.05347,47,False,"['0x3de0ff76e8b528c092d47b9dac775931cef80f49', '0xbf98480425a29197e5d99d003017f63a1e595d02']",,,5.61842,7985.50749,992048.3947,
Ethereum,pendle,SRUSDE,21513588,4.08555,,4.08555,,88eed315-9ebc-4f6c-b163-10d715266ab0,-0.27346,-0.19095,-2.18019,True,no,single,"{'predictedClass': 'Stable/Up', 'predictedProbability': 66, 'binnedConfidence': 2}",For buying PT-srUSDe-02APR2026,5.73584,0.05449,56,False,['0x3d7d6fdf07ee548b939a80edbc9b2256d0cdc003'],,,5.0865,,,
Ethereum,pendle,SRUSDE,21513588,2.57285,1.18196,3.75481,['0x808507121b80c02388fad14726482e061b8da827'],41cd5bea-b301-479a-a176-274fe8a36cc1,0.0022,0.05233,-2.0119,True,no,single,"{'predictedClass': 'Stable/Up', 'predictedProbability': 62, 'binnedConfidence': 2}",For LP | Maturity 02APR2026,4.96752,0.05853,56,False,"['0x9bf45ab47747f4b4dd09b3c2c73953484b4eb375', '0xc9bfebc79a722c05dc34bd2a227ef2db19fd1b8e']",,,4.15888,15571.00523,26178.2363,
Hyperliquid L1,pendle,KHYPE,16585568,2.29445,0.28849,2.58294,['0xD6Eb81136884713E843936843E286FD2a85A205A'],9f835f2f-4b70-4cee-ae38-f76df9bc0553,-0.01003,-0.08563,-0.42995,False,no,single,"{'predictedClass': 'Stable/Up', 'predictedProbability': 51, 'binnedConfidence': 1}",For LP | Maturity 19MAR2026,2.94953,0.0117,86,False,"['0xea84ca9849d9e76a78b91f221f84e9ca065fc9f5', '0x57fc55dff8ceca86ee94a6bf255af2f0ed90eb9e']",,,2.75968,0.0,0.0,
Hyperliquid L1,pendle,KHYPE,16585568,2.9071,,2.9071,,d0d29156-835e-4784-a0de-b1be19205da2,0.02195,-0.0686,-0.76328,False,no,single,"{'predictedClass': 'Stable/Up', 'predictedProbability': 69, 'binnedConfidence': 2}",For buying PT-kHYPE-19MAR2026,3.19217,0.0193,86,False,['0xfd739d4e423301ce9385c1fb8850539d657c296d'],,,2.93104,,,
Ethereum,pendle,JRUSDE,14286920,7.08703,,7.08703,,f479e485-7359-43db-b887-92f1873d0af3,-0.29092,-1.03219,-1.10969,True,no,single,"{'predictedClass': 'Stable/Up', 'predictedProbability': 68, 'binnedConfidence': 2}",For buying PT-jrUSDe-02APR2026,9.12997,0.06638,56,False,['0xc58d044404d8b14e953c115e67823784dea53d8f'],,,8.1685,,,
Ethereum,pendle,JRUSDE,14286920,7.38086,0.3622,7.74306,['0x808507121b80c02388fad14726482e061b8da827'],d32497db-259a-4295-8b19-ace83d8ce482,-0.31384,-0.2018,-2.18609,True,no,single,"{'predictedClass': 'Stable/Up', 'predictedProbability': 68, 'binnedConfidence': 2}",For LP | Maturity 02APR2026,10.41866,0.11771,56,False,"['0xd0609ac13000d88b0bebf5bb21074916edd92bb1', '0x4f6673346ab4813f1665327ab39087008cc7d76f']",,,8.49971,42249.06375,452061.08279,
Ethereum,pendle,SAVUSD,12728168,8.33867,0.52637,8.86504,['0x808507121b80c02388fad14726482e061b8da827'],a13d91c7-8853-4a56-81e1-07c92d5b34c9,-0.14875,-0.54099,-7.09892,True,no,single,"{'predictedClass': 'Stable/Up', 'predictedProbability': 73, 'binnedConfidence': 2}",For LP | Maturity 14MAY2026,13.33265,0.14887,42,False,"['0x606b5c773dc4d6e625c411cf60565f8c30c467d2', '0x0caefeb807152fbd945bf947893e6feba5aed61b']",,,12.40708,0.0,102721.82116,
Ethereum,pendle,SAVUSD,12728168,9.07662,,9.07662,,be64b929-8e76-4f58-8867-046ca4a76add,-0.41812,-0.54264,-2.09349,True,no,single,"{'predictedClass': 'Stable/Up', 'predictedProbability': 56.99999999999999, 'binnedConfidence': 1}",For buying PT-savUSD-14MAY2026,10.60615,0.05236,42,False,['0xb8d89678e75a973e74698c976716308abb8a46a4'],,,10.14997,,,
Arbitrum,pendle,SUSDAI,11696105,8.59344,,8.59344,,894ef05d-8143-4fa2-9a1c-bebc14686337,0.27146,0.77232,,True,no,single,"{'predictedClass': 'Stable/Up', 'predictedProbability': 64, 'binnedConfidence': 2}",For buying PT-sUSDai-15OCT2026,8.08603,0.02252,12,False,['0x0b2b2b2076d95dda7817e785989fe353fe955ef9'],,,8.16674,,,
Arbitrum,pendle,SUSDAI,11696105,7.34205,1.79436,9.13641,['0x0c880f6761f1af8d9aa9c466984b80dab9a8c9e8'],55d53cce-4455-4085-8245-557257d9fe61,-0.88172,1.53975,,True,no,single,"{'predictedClass': 'Down', 'predictedProbability': 56.00000000000001, 'binnedConfidence': 1}",For LP | Maturity 15OCT2026,10.24344,0.1359,12,False,"['0xb459db106f645d698e74027eef6019a26a0675cc', '0x30ccf4bbee313fcd19f3e295b3ba2920a24e2f62']",,,10.09024,4192229.97896,9148778.03185,
Ethereum,pendle,CUSDO,11313949,3.32924,0.20395,3.53319,['0x808507121b80c02388fad14726482e061b8da827'],b2ebf3c0-a173-4d61-959b-23405b7d4edb,-0.01562,-0.09131,-0.10646,True,no,single,"{'predictedClass': 'Stable/Up', 'predictedProbability': 60, 'binnedConfidence': 1}",For LP | Maturity 28MAY2026,3.78037,0.01495,94,False,"['0x67aeeed39c1675e0df93ad8bab543b17992d433b', '0x20b59becded839835a3ba58629430375dae02720']",,,3.70081,0.0,1470.15951,
Ethereum,pendle,CUSDO,11313949,4.52434,,4.52434,,4531ccea-f0fc-44f4-bf9f-e5e0a2e33505,-0.07199,-0.0407,-0.47207,True,no,single,"{'predictedClass': 'Down', 'predictedProbability': 54, 'binnedConfidence': 1}",For buying PT-cUSDO-28MAY2026,4.62556,0.02708,94,False,['0xad55aebc9b8c03fc43cd9f62260391c13c23e7c0'],,,4.80752,,,
Ethereum,pendle,SNUSD,11258656,10.09368,0.20095,10.29463,['0x808507121b80c02388fad14726482e061b8da827'],a064d3a0-e0b0-42c2-8992-1358c950bc6d,-0.17503,,,True,no,single,"{'predictedClass': None, 'predictedProbability': None, 'binnedConfidence': None}",For LP | Maturity 04JUN2026,10.247,0.0032,2,False,"['0x6c65db1d88c8eda1e3debf2b2ef3d0ece8600466', '0x10c5e7711eaddc1b6b64e40ef1976fc462666409']",,,10.34727,53731.51075,205399.88666,
Ethereum,pendle,SNUSD,11258656,10.34265,,10.34265,,0f38d9a4-8e34-4abc-b9ba-25f326ef7828,-0.54471,,,True,no,single,"{'predictedClass': None, 'predictedProbability': None, 'binnedConfidence': None}",For buying PT-sNUSD-04JUN2026,10.10846,0.01573,2,False,['0x08efcc2f3e61185d0ea7f8830b3fec9bfa2ee313'],,,10.46759,,,
Base,pendle,UNIBTC,10783244,0.18576,0.0,0.18576,['0xa99f6e6785da0f5d6fb42495fe424bce029eeb3e'],932605c6-5256-4e25-b059-c5dd1c14a3ea,-5.45687,,,False,no,single,"{'predictedClass': 'Stable/Up', 'predictedProbability': 77, 'binnedConfidence': 3}",For LP | Maturity 25JUN2026,4.07691,0.13225,7,False,"['0xc45139488b7ab235affad981cbdb5c898581d04f', '0x73838d7ae05294b2f4d648971e33e812ee048f56']",,,4.79789,0.0,66180.46198,
Base,pendle,UNIBTC,10783244,0.99395,,0.99395,,5ae7ba98-4f00-498e-9101-bddfc6e4b140,0.0,,,False,no,single,"{'predictedClass': 'Stable/Up', 'predictedProbability': 96, 'binnedConfidence': 3}",For buying PT-uniBTC-25JUN2026,0.99522,0.00011,7,False,['0xae8fc9288685516d2eca717056ca69303b348752'],,,0.9954,,,
Ethereum,pendle,CUSD,9258875,1.02367,0.35063,1.3743,['0x808507121b80c02388fad14726482e061b8da827'],d26e8398-82fa-4aaa-ae59-231418be8720,0.23061,-0.64057,-3.05885,True,no,single,"{'predictedClass': 'Stable/Up', 'predictedProbability': 60, 'binnedConfidence': 1}",For LP | Maturity 23JUL2026,3.12566,0.0549,37,False,"['0x928fb6ed39100a92b2480f5cbb93453f98d9f4ce', '0x3eaf6c8425b40c554099beed4dcb9f4601942fcb']",,,3.08716,206.11074,5472.26843,
Ethereum,pendle,CUSD,9258875,4.93246,,4.93246,,0e6e77de-f3fd-4bcf-acfe-09cc39489f00,0.70329,-0.32014,-2.41759,True,no,single,"{'predictedClass': 'Stable/Up', 'predictedProbability': 60, 'binnedConfidence': 1}",For buying PT-cUSD-23JUL2026,6.14047,0.06127,37,False,['0xcccc62962d17b8914c62d74ffb843d73b2a3cccc'],,,5.72749,,,
Hyperliquid L1,pendle,VKHYPE,8003638,3.15897,0.12387,3.28284,['0xD6Eb81136884713E843936843E286FD2a85A205A'],41fe69d1-e9fb-4a83-9660-e1aa6e9da319,0.03433,-0.37816,0.615,False,no,single,"{'predictedClass': 'Stable/Up', 'predictedProbability': 54, 'binnedConfidence': 1}",For LP | Maturity 19MAR2026,2.74751,0.03406,86,False,"['0x701c084db0fea269aba3122d87787f6c001f372c', '0x457904b54f47dd7a91253f225237a5b02ca059d6']",,,2.92586,0.0,0.0,
Hyperliquid L1,pendle,VKHYPE,8003638,3.82141,,3.82141,,30fb2957-7b2d-4fad-920d-c023425c6c70,-0.00294,0.36281,-0.58286,False,no,single,"{'predictedClass': 'Down', 'predictedProbability': 56.99999999999999, 'binnedConfidence': 1}",For buying PT-vkHYPE-19MAR2026,3.62188,0.01958,86,False,['0x9ba2edc44e0a4632eb4723e81d4142353e1bb160'],,,3.66138,,,
BSC,pendle,UNIBTC,7867990,0.17593,0.0,0.17593,['0xb3ed0a426155b79b898849803e3b36552f7ed507'],472a97d0-fcd9-4501-811c-eec5922b596c,-4.97747,,,False,no,single,"{'predictedClass': 'Stable/Up', 'predictedProbability': 83, 'binnedConfidence': 3}",For LP | Maturity 25JUN2026,3.75581,0.12138,7,False,"['0x0af2b242a526447fefd6e29cd531ecb89616afd2', '0xe10b8c2b029c3369f7a910710ed4fa2b25059674']",,,4.43022,280.61679,304858.97401,
BSC,pendle,UNIBTC,7867990,0.9669,,0.9669,,560f9a0a-0d6a-42b7-8ffc-f43e6d480581,-3e-05,,,False,no,single,"{'predictedClass': 'Stable/Up', 'predictedProbability': 90, 'binnedConfidence': 3}",For buying PT-uniBTC-25JUN2026,0.97556,0.00071,7,False,['0x53176cadd446700fa6b89f840357ac586d7e33db'],,,0.97794,,,
Ethereum,pendle,SYUSD,7499484,6.47825,,6.47825,,c8be1789-c39b-4ddd-aadb-d157ee804517,-0.00349,-0.34848,-0.1759,True,no,single,"{'predictedClass': 'Stable/Up', 'predictedProbability': 56.99999999999999, 'binnedConfidence': 1}",For buying PT-sYUSD-26MAR2026,7.18774,0.05765,77,False,['0xfe0ccc9942e98c963fe6b4e5194eb6e3baa4cb64'],,,6.71255,,,
Ethereum,pendle,SYUSD,7499484,1.14756,0.06975,1.21731,['0x808507121b80c02388fad14726482e061b8da827'],43b3e1b6-cb3e-4423-b7d3-e60083eb8109,0.28979,0.20144,-1.10568,True,no,single,"{'predictedClass': 'Stable/Up', 'predictedProbability': 98, 'binnedConfidence': 3}",For LP | Maturity 26MAR2026,5.7291,0.14005,77,False,"['0x70186206183479f6b54fc0a38bf5fcac94d86286', '0x797f9d67a878250e0aa572c41a8a4e862ad09d5c']",,,3.59954,0.0,0.0,
Ethereum,pendle,REUSD,7044059,6.75833,1.66696,8.42529,['0x808507121b80c02388fad14726482e061b8da827'],cca4dedb-569c-49ab-b053-d48d8d41dfd4,-0.0703,-0.79165,-2.01713,True,no,single,"{'predictedClass': 'Stable/Up', 'predictedProbability': 60, 'binnedConfidence': 1}",For LP | Maturity 25JUN2026,10.43349,0.07276,78,False,"['0x3eaa0f0f0a5d3d595ae4e4b0d27f439d01c3e7b2', '0x9487bd5a3b16ecb5f3184453e3ee75b800141648']",,,10.25242,6652.7993,134253.27711,
Ethereum,pendle,REUSD,7044059,8.81997,,8.81997,,02c7722b-dfd6-415b-8292-01dddb88c6fc,-0.02246,0.01013,-1.36629,True,no,single,"{'predictedClass': 'Stable/Up', 'predictedProbability': 62, 'binnedConfidence': 2}",For buying PT-reUSD-25JUN2026,10.2384,0.04835,78,False,['0x5086bf358635b81d8c47c66d1c8b9e567db70c72'],,,9.39941,,,
BSC,pendle,SLISBNBX,6639715,4.30857,0.04658,4.35516,['0xb3ed0a426155b79b898849803e3b36552f7ed507'],60ed9a21-22ba-4f79-82ee-d677d9cf016e,-0.02662,-0.21769,-1.05931,False,no,single,"{'predictedClass': 'Stable/Up', 'predictedProbability': 87, 'binnedConfidence': 3}",For LP | Maturity 25JUN2026,8.33979,0.13281,115,False,"['0xe052823b4aefc6e230faf46231a57d0905e30ae0', '0x27faf900007b4cba7803000251ec96bc69ff1bea']",,,4.79144,0.0,22.1423,
BSC,pendle,SLISBNBX,6639715,3.06345,,3.06345,,55dfd750-dfb6-429b-8ff8-9d4c3192b6b4,0.00848,-0.12232,-1.90457,False,no,single,"{'predictedClass': 'Stable/Up', 'predictedProbability': 71, 'binnedConfidence': 2}",For buying PT-slisBNBx-25JUN2026,5.35068,0.05255,115,False,['0xb0b84d294e0c75a6abe60171b70edeb2efd14a1b'],,,3.99633,,,
Arbitrum,pendle,SUSDAI,6610580,6.78213,3.04617,9.8283,['0x0c880f6761f1af8d9aa9c466984b80dab9a8c9e8'],a157419e-f37a-4711-8d9b-d8139ec4fe91,-0.02681,2.98291,,True,no,single,"{'predictedClass': 'Down', 'predictedProbability': 55.00000000000001, 'binnedConfidence': 1}",For LP | Maturity 18JUN2026,8.08238,0.07552,12,False,"['0x07bc5bd6ce9a17f0e7aa91e0adbc9070dcb1d1de', '0x30ccf4bbee313fcd19f3e295b3ba2920a24e2f62']",,,8.05828,59101.26849,419515.88082,
Arbitrum,pendle,SUSDAI,6610580,7.8857,,7.8857,,49f18f1e-f9c4-435a-9875-8a5314660a69,0.69742,0.33896,,True,no,single,"{'predictedClass': 'Stable/Up', 'predictedProbability': 67, 'binnedConfidence': 2}",For buying PT-sUSDai-18JUN2026,7.58154,0.04313,12,False,['0x0b2b2b2076d95dda7817e785989fe353fe955ef9'],,,7.70132,,,
Ethereum,pendle,STCUSD,6462643,4.44926,0.12894,4.5782,['0x808507121b80c02388fad14726482e061b8da827'],3527f1de-4e6f-4519-8c0e-cc2299b8fb56,-0.01228,-0.39006,-4.82882,True,no,single,"{'predictedClass': 'Stable/Up', 'predictedProbability': 72, 'binnedConfidence': 2}",For LP | Maturity 23JUL2026,7.18032,0.11197,37,False,"['0x2d3c279e5fcdf5b793c0a75ed90738d7369b0b83', '0x27010ce8d14b4e73ef48af1cf9a5a91e8356d10f']",,,7.22651,137.08169,11810.29914,
Ethereum,pendle,STCUSD,6462643,5.01166,,5.01166,,6c42a59f-dcee-40f4-9698-d1912dfaba6d,0.03395,0.02639,-2.09689,True,no,single,"{'predictedClass': 'Stable/Up', 'predictedProbability': 60, 'binnedConfidence': 1}",For buying PT-stcUSD-23JUL2026,6.01301,0.05343,37,False,['0x88887be419578051ff9f4eb6c858a951921d8888'],,,5.76501,,,
Ethereum,pendle,USD(MIDASMHYPER),5821349,10.4629,0.31664,10.77954,['0x808507121b80c02388fad14726482e061b8da827'],072c4d05-fede-48ab-bebf-fe2cadb77355,4.21575,2.59875,1.78809,False,no,single,"{'predictedClass': 'Down', 'predictedProbability': 61, 'binnedConfidence': 2}",For LP | Maturity 30APR2026,9.78787,0.1283,42,False,"['0xd87169640666649f1e6f92034dca9e4ae748de69', '0x457904b54f47dd7a91253f225237a5b02ca059d6']",,,8.96993,0.0,0.0,
Ethereum,pendle,USD(MIDASMHYPER),5821349,8.14979,,8.14979,,05967b79-df01-4ec3-a926-06949be91252,0.156,-0.38966,-0.97815,False,no,single,"{'predictedClass': 'Stable/Up', 'predictedProbability': 71, 'binnedConfidence': 2}",For buying PT-USD (Midas mHYPER)-30APR2026,8.49456,0.03426,42,False,['0x9b5528528656dbc094765e2abb79f293c21191b9'],,,8.34877,,,
Ethereum,pendle,WSTETH,5684821,2.37968,0.03758,2.41726,['0x808507121b80c02388fad14726482e061b8da827'],9b68a0d6-2c7f-4b18-b115-97d3ffbb2eb0,0.00866,-0.04535,-0.28085,False,no,single,"{'predictedClass': 'Stable/Up', 'predictedProbability': 62, 'binnedConfidence': 2}",For LP | Maturity 25JUN2026,2.88073,0.01836,78,False,"['0x9ce6478ef45bb1baac69efd8a3ea0ed110a43042', '0xcbc72d92b2dc8187414f6734718563898740c0bc']",,,2.65897,0.0,0.0,
Ethereum,pendle,WSTETH,5684821,2.49218,,2.49218,,86b8d98a-2478-4bf8-86d9-a845f1e215ae,0.0027,0.0027,0.22626,False,no,single,"{'predictedClass': 'Stable/Up', 'predictedProbability': 57.99999999999999, 'binnedConfidence': 1}",For buying PT-wstETH-25JUN2026,2.39803,0.01019,78,False,['0x7f39c581f595b53c5cb19bd0b3f8da6c935e2ca0'],,,2.43851,,,
Ethereum,pendle,SIUSD,5346838,5.5572,,5.5572,,ff52ce20-f6e0-47e5-9840-519dbdbb9619,0.00088,-0.16287,-1.32099,True,no,single,"{'predictedClass': 'Stable/Up', 'predictedProbability': 60, 'binnedConfidence': 1}",For buying PT-siUSD-26MAR2026,6.70022,0.04238,49,False,['0xdbdc1ef57537e34680b898e1febd3d68c7389bcb'],,,6.37091,,,
Ethereum,pendle,SIUSD,5346838,4.68156,0.17662,4.85818,['0x808507121b80c02388fad14726482e061b8da827'],7d1e5e5d-996f-423d-b210-62fc16e4a567,-0.15628,-0.20945,-1.30823,True,no,single,"{'predictedClass': 'Stable/Up', 'predictedProbability': 61, 'binnedConfidence': 2}",For LP | Maturity 26MAR2026,5.96714,0.04048,49,False,"['0xaf76b3af3477e4a2cd0b7f80c3152108c19a25e5', '0x9f30507c264cc6eb5be35b18ff9ad7b4539aa920']",,,5.74188,0.0,13722.42554,
Ethereum,pendle,REUSDE,4659242,13.10112,,13.10112,,0cac92be-caaa-4cec-8f5a-712629a588c8,0.02446,-0.41439,-0.38885,True,no,single,"{'predictedClass': 'Down', 'predictedProbability': 51, 'binnedConfidence': 1}",For buying PT-reUSDe-25JUN2026,13.73604,0.02795,72,False,['0xddc0f880ff6e4e22e4b74632fbb43ce4df6ccc5a'],,,13.39496,,,
Ethereum,pendle,REUSDE,4659242,12.92105,1.90161,14.82266,['0x808507121b80c02388fad14726482e061b8da827'],701b8025-5a56-43c0-ac68-ebebc05aae0e,-0.06575,-1.02462,-5.6257,True,no,single,"{'predictedClass': 'Stable/Up', 'predictedProbability': 56.99999999999999, 'binnedConfidence': 1}",For LP | Maturity 25JUN2026,18.27513,0.20615,72,False,"['0xdc9a5a2e3ce7ac881fc3b28c629c05d1617d1c56', '0x47dfd0c8eee949748c1d5cb6b695a4aba5fe7379']",,,16.26771,9573.83042,370901.66005,
Ethereum,pendle,USD(MIDASMAPOLLO),4454066,7.8664,0.12531,7.99171,['0x808507121b80c02388fad14726482e061b8da827'],9c1ba501-a54b-4823-967f-c08c3bfbc85a,3.27604,1.76003,-3.82454,False,no,single,"{'predictedClass': 'Stable/Up', 'predictedProbability': 53, 'binnedConfidence': 1}",For LP | Maturity 30APR2026,7.88206,0.16661,40,False,"['0x64b393288ab2a0fe7af6b73a9159493e60ab0605', '0xe1e22d55e23900f30599d8bee74a0801f09b4e58']",,,7.83348,0.0,0.0,
Ethereum,pendle,USD(MIDASMAPOLLO),4454066,7.59392,,7.59392,,5a381fd3-1c59-4148-8e0b-eaf43cfc1754,2e-05,0.71599,-2.28781,False,no,single,"{'predictedClass': 'Stable/Up', 'predictedProbability': 59, 'binnedConfidence': 1}",For buying PT-USD (Midas mAPOLLO)-30APR2026,8.34972,0.06683,40,False,['0x7cf9dec92ca9fd46f8d86e7798b72624bc116c05'],,,7.90062,,,
Ethereum,pendle,RSWETH,4124037,2.72093,0.00285,2.72378,['0x808507121b80c02388fad14726482e061b8da827'],f0e556e4-1b7c-407c-a875-be94977b2955,0.00522,-0.15556,0.1435,False,no,single,"{'predictedClass': 'Stable/Up', 'predictedProbability': 75, 'binnedConfidence': 3}",For LP | Maturity 25JUN2026,3.58886,0.07509,224,False,"['0xce789b855ff263d86cee15d8bf5eba9ba6e2d066', '0x7786729eee8b9d30fe7d91fdff23a0f1d0c615d9']",,,2.95146,0.0,0.0,
Ethereum,pendle,RSWETH,4124037,3.07273,,3.07273,,5d396bc0-3e69-4003-8b23-527d9329bdaa,0.01407,0.02086,-0.02717,False,no,single,"{'predictedClass': 'Stable/Up', 'predictedProbability': 56.99999999999999, 'binnedConfidence': 1}",For buying PT-rswETH-25JUN2026,2.9292,0.01081,224,False,['0xfae103dc9cf190ed75350761e95403b7b8afa6c0'],,,3.07712,,,
Ethereum,pendle,MSY,3489378,7.65673,0.38296,8.03969,['0x808507121b80c02388fad14726482e061b8da827'],452ae892-995b-4597-b75f-30c8a5d94e3b,-1.59171,-5.42926,-4.49341,False,no,single,"{'predictedClass': 'Stable/Up', 'predictedProbability': 59, 'binnedConfidence': 1}",For LP | Maturity 09APR2026,13.18333,0.07989,37,False,"['0xffa6dd8d30feb8759b84b4c9269fa888c6582c65', '0x659c663cdcc068b56e4a5afe262cb92baa0f3e19']",,,13.59996,0.0,4802.09858,
Ethereum,pendle,MSY,3489378,10.3608,,10.3608,,612220c3-1867-47bb-80d1-6ae8d6b0147a,3e-05,-1.91572,-1.92644,False,no,single,"{'predictedClass': 'Down', 'predictedProbability': 55.00000000000001, 'binnedConfidence': 1}",For buying PT-msY-09APR2026,11.6574,0.05215,37,False,['0x890a5122aa1da30fec4286de7904ff808f0bd74a'],,,11.4707,,,
Ethereum,pendle,COREUSDC,3396721,0.91768,0.02996,0.94764,['0x808507121b80c02388fad14726482e061b8da827'],5db0db4a-889f-49cd-9e95-57f169d42e73,-0.04588,-0.24977,-1.62171,True,no,single,"{'predictedClass': 'Stable/Up', 'predictedProbability': 93, 'binnedConfidence': 3}",For LP | Maturity 30APR2026,6.85881,0.20777,112,False,"['0x66de531bce23edeaaa7fcc9f67d83c888167ff88', '0x9aedb581076f0da719d05bc87e191b7f5cc2a246']",,,3.95071,0.0,0.0,
Ethereum,pendle,COREUSDC,3396721,6.57547,,6.57547,,7e67246a-c6a8-42bb-99b1-6db77c139be5,-0.15424,-0.80412,-0.38148,True,no,single,"{'predictedClass': 'Stable/Up', 'predictedProbability': 56.99999999999999, 'binnedConfidence': 1}",For buying PT-coreUSDC-30APR2026,9.04162,0.10177,112,False,['0xe9b725010a9e419412ed67d0fa5f3a5f40159d32'],,,7.21562,,,
Ethereum,pendle,DETH,3186531,3.68216,,3.68216,,a571ac18-ff00-4184-859f-3fc67c9d4d15,1e-05,-0.00241,,False,no,single,"{'predictedClass': 'Stable/Up', 'predictedProbability': 64, 'binnedConfidence': 2}",For buying PT-DETH-23APR2026,3.74319,0.00779,27,False,['0x871ab8e36cae9af35c6a3488b049965233deb7ed'],,,3.72342,,,
Ethereum,pendle,DETH,3186531,0.93113,0.00236,0.93349,['0x808507121b80c02388fad14726482e061b8da827'],47bb69a1-17fa-482c-a7d6-08f033d5099a,0.17025,0.1826,,False,no,single,"{'predictedClass': 'Stable/Up', 'predictedProbability': 72, 'binnedConfidence': 2}",For LP | Maturity 23APR2026,1.72985,0.05141,27,False,"['0xe1d9b789da5b5375eacf66f036022b019a2af307', '0xc34e7d9d5ec0626ed14b6b7cee02fe904bec4c8d']",,,1.73651,0.0,0.0,
Hyperliquid L1,pendle,HLPE,2877817,1.35495,0.09182,1.44677,['0xD6Eb81136884713E843936843E286FD2a85A205A'],71f99253-bf56-47c8-bd30-7cb3a4b4c5e9,-0.00466,-2.05596,-4.92526,False,no,single,"{'predictedClass': 'Stable/Up', 'predictedProbability': 91, 'binnedConfidence': 3}",For LP | Maturity 19MAR2026,6.91914,0.2443,70,False,"['0x7b9c903de833d4000023d3fc28209e74fa64edb6', '0x4c9384312333f8de90e8173da572f4dcfca43fd2']",,,6.10947,0.0,0.0,
Hyperliquid L1,pendle,HLPE,2877817,8.06597,,8.06597,,ecf6e06f-1b00-4a45-a61e-7be188bc7b74,0.00119,-0.97019,-3.00736,False,no,single,"{'predictedClass': 'Stable/Up', 'predictedProbability': 53, 'binnedConfidence': 1}",For buying PT-HLPe-19MAR2026,10.02284,0.05817,70,False,['0x54a98ff45a7dbdf30c54e32fd330d3ea582a5559'],,,10.14995,,,
Ethereum,pendle,MHYPERBTC,2825389,5.38837,0.42064,5.80901,['0x808507121b80c02388fad14726482e061b8da827'],7032474c-ff97-444b-a141-d6f8cdf97e59,-0.19946,-1.77034,-3.50349,False,no,single,"{'predictedClass': 'Stable/Up', 'predictedProbability': 59, 'binnedConfidence': 1}",For LP | Maturity 30APR2026,7.59998,0.10735,43,False,"['0x450e39fe80936c502c7c0d9d032c46c9a8b040b3', '0x95fc228a926828b4d95f52c1d52b345e743153f0']",,,7.29995,0.0,3303.6681,
Ethereum,pendle,MHYPERBTC,2825389,4.67587,,4.67587,,dd046797-157c-4a5c-aaa7-daac3ce9f092,-0.66119,-1.11653,-0.67864,False,no,single,"{'predictedClass': 'Stable/Up', 'predictedProbability': 57.99999999999999, 'binnedConfidence': 1}",For buying PT-mHyperBTC-30APR2026,5.42373,0.02499,43,False,['0xc8495eaff71d3a563b906295fcf2f685b1783085'],,,5.65933,,,
Ethereum,pendle,SRNUSD,2785260,7.68625,,7.68625,,acaeee45-c7d1-4052-acb7-faba0fc566f6,0.24787,-1.405,,True,no,single,"{'predictedClass': 'Stable/Up', 'predictedProbability': 52, 'binnedConfidence': 1}",For buying PT-srNUSD-28MAY2026,8.51355,0.04525,13,False,['0x65a44528e8868166401ea08b549e19552af589db'],,,8.61244,,,
Ethereum,pendle,SRNUSD,2785260,7.31768,2.08204,9.39973,['0x808507121b80c02388fad14726482e061b8da827'],6ad420d0-626c-43ef-b2e7-3170d0578874,-0.09462,-2.89075,,True,no,single,"{'predictedClass': 'Stable/Up', 'predictedProbability': 56.00000000000001, 'binnedConfidence': 1}",For LP | Maturity 28MAY2026,11.77411,0.11181,13,False,"['0x82b853db31f025858792d8fa969f2a1dc245c179', '0xdb8f1d15880b97dc38edfa46d8a5a7e5b506c45f']",,,11.79854,5991.77652,1074659.99938,
Arbitrum,pendle,STK-EPENDLE,2665529,19.87891,,19.87891,,191a9ce4-30ab-4c43-9cf9-f4aee0d59f18,-1.72573,-1.86196,-3.15203,False,yes,multi,"{'predictedClass': 'Stable/Up', 'predictedProbability': 63, 'binnedConfidence': 2}",For buying PT-stk-ePendle-26MAR2026,29.21366,0.23226,134,False,['0x37227785a1f4545ed914690e395e4cfe96b8319f'],,,21.97782,,,
Arbitrum,pendle,STK-EPENDLE,2665529,7.24985,0.00963,7.25948,['0x0c880f6761f1af8d9aa9c466984b80dab9a8c9e8'],419a4595-3f38-4c87-9d7d-58f9180c173b,-2.33472,-12.50347,-18.38714,False,yes,multi,"{'predictedClass': 'Stable/Up', 'predictedProbability': 82, 'binnedConfidence': 3}",For LP | Maturity 26MAR2026,33.19927,0.45102,134,False,"['0x93de1a69319972412b956de5fc18128cf82c6bd7', '0xd302d7fd2c9375a433018fdfa5613be6ad3f18e3']",,,19.04692,0.0,5.15764,
Ethereum,pendle,USD3,2664675,1.2168,0.30052,1.51732,['0x808507121b80c02388fad14726482e061b8da827'],87e9a8b0-2881-4a4a-b9d9-04411af7e9a9,0.04285,-0.96072,-4.53661,True,no,single,"{'predictedClass': 'Stable/Up', 'predictedProbability': 94, 'binnedConfidence': 3}",For LP | Maturity 19MAR2026,4.92601,0.13898,35,False,"['0x0396be0b0d2a88beff7680529e7f16de393381e4', '0xea3bc608f32847b97965c5e1648bdfcd4c2c40d0']",,,4.47252,0.0,170.03876,
Ethereum,pendle,USD3,2664675,6.76024,,6.76024,,ad1c64b8-4ade-4c80-b22f-0895f3cdd762,0.15081,-1.70553,-4.185,True,no,single,"{'predictedClass': 'Stable/Up', 'predictedProbability': 56.00000000000001, 'binnedConfidence': 1}",For buying PT-USD3-19MAR2026,8.4882,0.07096,35,False,['0x056b269eb1f75477a8666ae8c7fe01b64dd55ecc'],,,8.25729,,,
Ethereum,pendle,JRNUSD,2633503,10.60344,2.67996,13.28339,['0x808507121b80c02388fad14726482e061b8da827'],033aab25-9881-407c-8882-81a817418edb,-0.29492,-0.95724,,True,no,single,"{'predictedClass': 'Down', 'predictedProbability': 67, 'binnedConfidence': 2}",For LP | Maturity 28MAY2026,13.61199,0.02043,13,False,"['0x3a0f4beeb1bb41bb545a1ce54b905fa13c162e34', '0x92899026d06343929c61e0987e09caeea6873fe5']",,,13.66581,43466.2155,429048.56193,
Ethereum,pendle,JRNUSD,2633503,10.99891,,10.99891,,790c903b-9253-4125-899b-e1cc047c1a7e,-0.33352,-0.73678,,True,no,single,"{'predictedClass': 'Down', 'predictedProbability': 73, 'binnedConfidence': 2}",For buying PT-jrNUSD-28MAY2026,11.44941,0.01317,13,False,['0xfc807058a352b61aeef6a38e2d0fc3990225e772'],,,11.51233,,,
Ethereum,pendle,SENA,2522108,13.23931,,13.23931,,34b3a487-1459-44c5-b749-2fbf395fedfe,1.29404,2.03381,,False,no,single,"{'predictedClass': 'Down', 'predictedProbability': 83, 'binnedConfidence': 3}",For buying PT-sENA-30APR2026,11.23927,0.07521,23,False,['0x8be3460a480c80728a8c4d7a5d5303c85ba7b3b9'],,,11.26304,,,
Ethereum,pendle,SENA,2522108,2.88596,2.79994,5.6859,['0x808507121b80c02388fad14726482e061b8da827'],03e743e2-1348-4073-8e4f-05cb6c5b4c71,0.73021,-1.06476,,False,no,single,"{'predictedClass': 'Stable/Up', 'predictedProbability': 59, 'binnedConfidence': 1}",For LP | Maturity 30APR2026,6.69153,0.08615,23,False,"['0x4552c668eb8dedeac53e00cfd05d873f11a80204', '0xa36ecca8b7624d224f01cd6649c8afad3da12c3d']",,,6.91871,1627.27365,21839.66656,
Ethereum,pendle,AVUSD,2512331,8.54115,,8.54115,,a2b41f6a-ce9d-4a06-af24-1a789bde5724,-0.55613,-1.15963,,True,no,single,"{'predictedClass': 'Stable/Up', 'predictedProbability': 55.00000000000001, 'binnedConfidence': 1}",For buying PT-avUSD-14MAY2026,9.86719,0.06432,27,False,['0xf4c13d631450de6b12a19829e37c8e2826891dc4'],,,9.88345,,,
Ethereum,pendle,AVUSD,2512331,2.78775,1.37955,4.1673,['0x808507121b80c02388fad14726482e061b8da827'],61a45b62-a67b-4046-aa9f-759c302a6963,-0.22353,-1.8169,,True,no,single,"{'predictedClass': 'Stable/Up', 'predictedProbability': 70, 'binnedConfidence': 2}",For LP | Maturity 14MAY2026,6.37075,0.11612,27,False,"['0xcc16cd49194e7aa3dca780c742580e2f9b418874', '0xaa6a8d538e36f23975beab59f5def2f19152d114']",,,6.54915,992.14501,3236.38223,
Arbitrum,pendle,THBILL,2379953,3.5123,0.98605,4.49835,['0x0c880f6761f1af8d9aa9c466984b80dab9a8c9e8'],bddc6092-e254-4aa9-a89c-9edd1408fa09,0.22705,-3.11696,,False,no,single,"{'predictedClass': 'Stable/Up', 'predictedProbability': 76, 'binnedConfidence': 3}",For LP | Maturity 18JUN2026,7.3494,0.23899,16,False,"['0xe46271ecb1d5c7c5134868760f10c18b03021ef1', '0xc32e96b4c7eb7959b6a92f3f7ed5d2321e6ed3d4']",,,6.89623,12133.46668,114330.69645,
Arbitrum,pendle,THBILL,2379953,4.2937,,4.2937,,e706a34c-3811-467d-adf5-eb8d2a9c8587,0.04319,0.01166,,False,no,single,"{'predictedClass': 'Down', 'predictedProbability': 51, 'binnedConfidence': 1}",For buying PT-thBILL-18JUN2026,4.42832,0.04789,16,False,['0xfdd22ce6d1f66bc0ec89b20bf16ccb6670f55a5a'],,,4.45575,,,
Arbitrum,pendle,MPENDLE,2253345,5.63369,0.01533,5.64901,['0x0c880f6761f1af8d9aa9c466984b80dab9a8c9e8'],07a8902d-084b-4bd2-98b5-cc348effc251,-0.75062,-1.18232,-8.49517,False,no,single,"{'predictedClass': 'Stable/Up', 'predictedProbability': 85, 'binnedConfidence': 3}",For LP | Maturity 26MAR2026,25.96462,0.57591,134,False,"['0x2dbe53408613bef23597be94c1fd453ac0147575', '0x5c4110ed760470f79e469a901bd6fb45a65be0f4']",,,8.17861,0.0,1682.35382,
Arbitrum,pendle,MPENDLE,2253345,8.25247,,8.25247,,ef8940da-0d25-4229-a62f-1391d09025ad,-0.23946,0.18594,0.56219,False,no,single,"{'predictedClass': 'Stable/Up', 'predictedProbability': 85, 'binnedConfidence': 3}",For buying PT-mPENDLE-26MAR2026,20.07982,0.4303,134,False,['0xb688ba096b7bb75d7841e47163cd12d18b36a5bf'],,,7.6267,,,
Ethereum,pendle,SUSDF,2204050,5.88484,0.15235,6.03719,['0x808507121b80c02388fad14726482e061b8da827'],1c45213f-b9aa-42e6-8668-729b87f1778c,0.0721,-0.60419,,True,no,single,"{'predictedClass': 'Stable/Up', 'predictedProbability': 70, 'binnedConfidence': 2}",For LP | Maturity 18JUN2026,7.17543,0.0737,29,False,"['0x529702daa38f67e4a329634cc4bb7226b5938046', '0xa780d7f775b4eff6846a8c28981f086bc6a7d637']",,,7.27144,0.0,1169.49411,
Ethereum,pendle,SUSDF,2204050,5.77117,,5.77117,,3bc4dc0c-fa0d-4c74-8218-ccfce49f1e1c,-0.04127,-0.12564,,True,no,single,"{'predictedClass': 'Down', 'predictedProbability': 61, 'binnedConfidence': 2}",For buying PT-sUSDf-18JUN2026,6.18639,0.01737,29,False,['0xc8cf6d7991f15525488b2a83df53468d682ba4b0'],,,6.20867,,,
Hyperliquid L1,pendle,BEHYPE,2147137,2.96173,,2.96173,,eeb04fc7-c02b-47b3-88ee-51068f11b0eb,1e-05,0.00964,0.06647,False,no,single,"{'predictedClass': 'Down', 'predictedProbability': 62, 'binnedConfidence': 2}",For buying PT-beHYPE-19MAR2026,2.9357,0.00376,86,False,['0xd8fc8f0b03eba61f64d08b0bef69d80916e5dda9'],,,2.95503,,,
Hyperliquid L1,pendle,BEHYPE,2147137,2.09872,0.00416,2.10288,['0xD6Eb81136884713E843936843E286FD2a85A205A'],30c7f344-5400-45a1-a4a3-457ded6bea9f,-0.01011,0.08463,-0.07774,False,no,single,"{'predictedClass': 'Stable/Up', 'predictedProbability': 85, 'binnedConfidence': 3}",For LP | Maturity 19MAR2026,2.11263,0.00857,86,False,"['0x3a4dcc6e9a19bcf4063ab3a0c63a5c0041175414', '0xd887cd43e3f79d9d794858ba1df6742b64a22528']",,,1.98007,0.0,0.0,
Hyperliquid L1,pendle,STHYPE,2137136,5.37004,0.31891,5.68895,['0xD6Eb81136884713E843936843E286FD2a85A205A'],1cd4c211-6cfc-4bb1-8f35-fa5f03e6fc98,-0.46477,0.0384,1.5991,False,no,single,"{'predictedClass': 'Down', 'predictedProbability': 57.99999999999999, 'binnedConfidence': 1}",For LP | Maturity 26FEB2026,5.44409,0.09028,86,False,"['0xcbaab2463a6ba43a65a138a41c39d541a51810cf', '0xe24a28fe8ecd859db4280d1291783a10017d6fc4']",,,4.48973,0.0,0.0,
Hyperliquid L1,pendle,STHYPE,2137136,7.21607,,7.21607,,1194322e-87bc-4bee-8ecd-f86613149f94,-0.41569,0.03451,2.19991,False,no,single,"{'predictedClass': 'Down', 'predictedProbability': 56.99999999999999, 'binnedConfidence': 1}",For buying PT-stHYPE-26FEB2026,5.57445,0.05155,86,False,['0xffaa4a3d97fe9107cef8a3f48c069f577ff76cc1'],,,5.70489,,,
Arbitrum,pendle,USDAI,2099950,3.69505,6.33267,10.02772,['0x0c880f6761f1af8d9aa9c466984b80dab9a8c9e8'],adc1a060-aa9b-416e-ad10-4b7d7100b42c,-2.20907,4.44226,,True,no,single,"{'predictedClass': 'Down', 'predictedProbability': 64, 'binnedConfidence': 2}",For LP | Maturity 15OCT2026,7.99516,0.20647,12,False,"['0xc9d24ad0bb25f34098e226a8c5192dea7bacccae', '0x5edcbc20cac67adc2e724d4348ff85132b085b82']",,,9.12518,3653.13958,1088515.41117,
Arbitrum,pendle,USDAI,2099950,7.62502,,7.62502,,2785c8d0-348b-4e8f-904e-4b02819993b9,-0.05089,0.54047,,True,no,single,"{'predictedClass': 'Stable/Up', 'predictedProbability': 54, 'binnedConfidence': 1}",For buying PT-USDai-15OCT2026,7.47256,0.02089,12,False,['0x0a1a1a107e45b7ced86833863f482bc5f4ed82ef'],,,7.46855,,,
Arbitrum,pendle,WEETH,2075622,2.43631,,2.43631,,44592213-9be8-4186-9a11-0edcc6f83b85,-0.00294,-0.0583,-0.86253,False,no,single,"{'predictedClass': 'Stable/Up', 'predictedProbability': 56.00000000000001, 'binnedConfidence': 1}",For buying PT-weETH-25JUN2026,2.86742,0.02563,225,False,['0x35751007a407ca6feffe80b3cb397736d2cf4dbe'],,,2.67453,,,
Arbitrum,pendle,WEETH,2075622,2.53799,0.11244,2.65044,['0x0c880f6761f1af8d9aa9c466984b80dab9a8c9e8'],cff6ce74-f1f1-47e9-9630-61f6e91f16c8,-0.03396,-0.01612,-7.46779,False,no,single,"{'predictedClass': 'Stable/Up', 'predictedProbability': 73, 'binnedConfidence': 2}",For LP | Maturity 25JUN2026,4.00274,0.10328,225,False,"['0xab7f3837e6e721abbc826927b655180af6a04388', '0xa6c895eb332e91c5b3d00b7baeeaae478cc502da']",,,3.56406,0.0,91.92129,
Ethereum,pendle,WSTETH,2033936,2.38197,,2.38197,,97f2876b-d4f9-4d86-95fe-da16314c838c,0.0,0.0,0.0,False,no,single,"{'predictedClass': 'Stable/Up', 'predictedProbability': 71, 'binnedConfidence': 2}",For buying PT-wstETH-30DEC2027,3.81974,0.03911,967,False,['0x7f39c581f595b53c5cb19bd0b3f8da6c935e2ca0'],,,2.38197,,,
Ethereum,pendle,WSTETH,2033936,2.35736,0.65337,3.01072,['0x808507121b80c02388fad14726482e061b8da827'],66329c23-3419-48cf-82ea-f0a058e899a4,0.02122,-0.18692,0.30425,False,no,single,"{'predictedClass': 'Stable/Up', 'predictedProbability': 86, 'binnedConfidence': 3}",For LP | Maturity 30DEC2027,5.10912,0.12092,967,False,"['0xb253eff1104802b97ac7e3ac9fdd73aece295a2c', '0xcbc72d92b2dc8187414f6734718563898740c0bc']",,,3.34111,0.0,0.0,
Ethereum,pendle,DUSD,2025920,5.86502,0.00168,5.86669,['0x808507121b80c02388fad14726482e061b8da827'],b34b9f04-1334-46bb-a86f-769b044573ad,0.2803,-1.74304,,True,no,single,"{'predictedClass': 'Down', 'predictedProbability': 61, 'binnedConfidence': 2}",For LP | Maturity 23APR2026,5.30315,0.09521,26,False,"['0x72804b33125bb40468e9c1473436911fa0222a21', '0xdeb45ce184fa26211e07ff8ad842807ad703b75e']",,,5.31743,0.0,1015.13685,
Ethereum,pendle,DUSD,2025920,7.84654,,7.84654,,91b20adc-b569-455b-b125-510978b21435,2e-05,-0.01142,,True,no,single,"{'predictedClass': 'Down', 'predictedProbability': 56.99999999999999, 'binnedConfidence': 1}",For buying PT-DUSD-23APR2026,8.10092,0.02407,26,False,['0x1e33e98af620f1d563fcd3cfd3c75ace841204ef'],,,8.12965,,,
Ethereum,pendle,HGETH,1917865,4.23482,0.17139,4.40621,['0x808507121b80c02388fad14726482e061b8da827'],da8090cd-c2d0-45ab-a3fd-bb736fe9072c,0.3235,0.5037,2.30443,False,no,single,"{'predictedClass': 'Stable/Up', 'predictedProbability': 69, 'binnedConfidence': 2}",For LP | Maturity 25JUN2026,7.29146,0.19935,225,False,"['0x5b1578e2604b91bd7b24f86f0e5ef6c024bb3a14', '0x378fa6c08c86d76f0c2511a8addd9464d3dfc723']",,,5.8023,0.0,4356.85802,
Ethereum,pendle,HGETH,1917865,5.30508,,5.30508,,f7746405-79d3-45d2-b758-c046d5610cd6,0.31263,0.21419,-0.22369,False,no,single,"{'predictedClass': 'Down', 'predictedProbability': 57.99999999999999, 'binnedConfidence': 1}",For buying PT-hgETH-25JUN2026,4.73986,0.05414,225,False,['0xc824a08db624942c5e5f330d56530cd1598859fd'],,,5.26808,,,
Arbitrum,pendle,RETH,1868520,2.33328,,2.33328,,03ff6f62-14b0-4be8-8e8b-24e086ab196c,1e-05,5e-05,0.10105,False,no,single,"{'predictedClass': 'Stable/Up', 'predictedProbability': 77, 'binnedConfidence': 3}",For buying PT-rETH-25JUN2026,2.31182,0.00367,224,False,['0xec70dcb4a1efa46b8f2d97c310c9c4790ba5ffa8'],,,2.29994,,,
Arbitrum,pendle,RETH,1868520,2.14013,5e-05,2.14018,['0x0c880f6761f1af8d9aa9c466984b80dab9a8c9e8'],a8241024-73c8-4a22-aeac-6c6320cd462a,-0.022,0.00781,-1.62674,False,no,single,"{'predictedClass': 'Stable/Up', 'predictedProbability': 70, 'binnedConfidence': 2}",For LP | Maturity 25JUN2026,2.73935,0.02243,224,False,"['0x3362c1265a0522f321253708c9fb176f2274fa8d', '0xc0cf4b266be5b3229c49590b59e67a09c15b22f4']",,,2.42719,0.00826,254.98201,
Base,pendle,YOETH,1753054,8.25219,0.38368,8.63587,['0xa99f6e6785da0f5d6fb42495fe424bce029eeb3e'],a8b451ca-36d4-4845-9811-e0f95eda4911,0.38647,-0.14016,3.08454,False,no,single,"{'predictedClass': 'Down', 'predictedProbability': 61, 'binnedConfidence': 2}",For LP | Maturity 26MAR2026,5.62155,0.10091,141,False,"['0x1a5c5ea50717a2ea0e4f7036fb289349deaab58b', '0xe574de45b4ea2c5db7dd6f4074349f270ee97c64']",,,5.81584,14.52286,8688.2821,
Base,pendle,YOETH,1753054,6.60484,,6.60484,,a6d3ef57-7fb0-4fe7-8b44-804053b6988f,0.4095,-0.06698,1.61397,False,no,single,"{'predictedClass': 'Down', 'predictedProbability': 67, 'binnedConfidence': 2}",For buying PT-yoETH-26MAR2026,5.66464,0.0488,141,False,['0x3a43aec53490cb9fa922847385d82fe25d0e9de7'],,,5.92189,,,
Ethereum,pendle,SUSN,1714486,8.1529,,8.1529,,afddf12f-59fb-4e1a-9748-27943cbb4f79,-0.00024,0.00407,,True,no,single,"{'predictedClass': 'Stable/Up', 'predictedProbability': 59, 'binnedConfidence': 1}",For buying PT-sUSN-30JUL2026,8.34401,0.02839,30,False,['0xe24a3dc889621612422a64e6388927901608b91d'],,,8.34692,,,
Ethereum,pendle,SUSN,1714486,12.76575,0.01312,12.77887,['0x808507121b80c02388fad14726482e061b8da827'],75088b46-9b94-4ca9-b715-03a008b96b92,5.67575,9.92095,,True,no,single,"{'predictedClass': 'Down', 'predictedProbability': 59, 'binnedConfidence': 1}",For LP | Maturity 30JUL2026,8.25587,0.06643,30,False,"['0x59c2c836ff229e52a0bcc164f5d4bd3f3d312be4', '0xa0a2c8c94bf30227f84af6e054025945a51d0eff']",,,8.09751,103.55235,103.55235,
Ethereum,pendle,RLP,1590103,8.07658,,8.07658,,b36c96f5-ca35-4236-bb54-7b84f39aba28,-0.80546,0.23174,-2.20289,False,no,single,"{'predictedClass': 'Stable/Up', 'predictedProbability': 52, 'binnedConfidence': 1}",For buying PT-RLP-09APR2026,9.2848,0.05764,86,False,['0x4956b52ae2ff65d74ca2d61207523288e4528f96'],,,8.64656,,,
Ethereum,pendle,RLP,1590103,2.23395,0.36216,2.59611,['0x808507121b80c02388fad14726482e061b8da827'],af9f9ec3-ae9c-4a5d-95c4-1c1c55e4afcf,-0.41073,0.73645,-8.38529,False,no,single,"{'predictedClass': 'Stable/Up', 'predictedProbability': 87, 'binnedConfidence': 3}",For LP | Maturity 09APR2026,8.74371,0.15868,86,False,"['0x29fd7180e5cced14ad148c7997e6b6857a8be86e', '0xa004dd9439c2cf00794786c9662267bee6d9f723']",,,6.07903,0.0,0.0,
Ethereum,pendle,STUSDS,1543901,7.01634,2.39662,9.41296,['0x808507121b80c02388fad14726482e061b8da827'],74e244b5-ffe2-482f-93b5-ce443a69c184,-0.1224,-6.03849,,True,no,single,"{'predictedClass': 'Stable/Up', 'predictedProbability': 56.00000000000001, 'binnedConfidence': 1}",For LP | Maturity 25JUN2026,14.36696,0.13931,19,False,"['0xd7a8fc30e2e5f196c076f00eb2edc835528be564', '0x57e16654b9e42ef4df30006e4c60f5a475a2f0e9']",,,14.66739,10665.04732,679704.7813,
Ethereum,pendle,STUSDS,1543901,6.63822,,6.63822,,e48dc95b-fc22-48b8-a06f-66002c0c9963,0.00117,-0.4013,,True,no,single,"{'predictedClass': 'Stable/Up', 'predictedProbability': 62, 'binnedConfidence': 2}",For buying PT-stUSDS-25JUN2026,7.6226,0.05062,19,False,['0x99cd4ec3f88a45940936f469e4bb72a2a701eeb9'],,,7.70982,,,
Ethereum,pendle,STRETH,1513697,3.81358,,3.81358,,5a8be87d-8632-45a3-b0cb-08f33bd4aa90,2e-05,-0.18154,-0.94258,False,no,single,"{'predictedClass': 'Stable/Up', 'predictedProbability': 63, 'binnedConfidence': 2}",For buying PT-strETH-26MAR2026,4.31952,0.02048,86,False,['0xcd3c0f51798d1daa92fb192e57844ae6cee8a6c7'],,,4.14237,,,
Ethereum,pendle,STRETH,1513697,3.2669,0.05245,3.31935,['0x808507121b80c02388fad14726482e061b8da827'],6e4f1998-dfa9-4793-aafe-387f97892f27,0.39443,0.94254,-2.03921,False,no,single,"{'predictedClass': 'Stable/Up', 'predictedProbability': 65, 'binnedConfidence': 2}",For LP | Maturity 26MAR2026,5.43997,0.09795,86,False,"['0x380e68536dfebafee63321d25e9dfefc67d0fe71', '0x095707a011a500b2c2c043473249debb4e9c1dab']",,,3.8937,0.0,0.0,
Ethereum,pendle,DBIT,1509067,2.74462,,2.74462,,52260c00-456d-4f67-9ec8-e62d4c75c82f,1e-05,0.0,,False,no,single,"{'predictedClass': 'Down', 'predictedProbability': 64, 'binnedConfidence': 2}",For buying PT-DBIT-23APR2026,2.80062,0.0092,27,False,['0x972966bcc17f7d818de4f27dc146ef539c231bdf'],,,2.79773,,,
Ethereum,pendle,DBIT,1509067,0.57489,0.00019,0.57508,['0x808507121b80c02388fad14726482e061b8da827'],10b72be8-7273-4887-a3fa-fbd2ff3c19a3,4e-05,-0.00999,,False,no,single,"{'predictedClass': 'Stable/Up', 'predictedProbability': 77, 'binnedConfidence': 3}",For LP | Maturity 23APR2026,1.64715,0.11525,27,False,"['0x071030a222514de5b1353d5a8c668516af4e51fe', '0x725e18142472384e45e15084e308dbeae43381aa']",,,1.75273,0.0,0.0,
Ethereum,pendle,WEETH,1354582,2.52331,,2.52331,,cf047bdd-d744-4839-9ce3-968fb54e9c7c,-0.00025,-0.00179,0.05213,False,no,single,"{'predictedClass': 'Stable/Up', 'predictedProbability': 55.00000000000001, 'binnedConfidence': 1}",For buying PT-weETH-25JUN2026,2.64647,0.00745,225,False,['0xcd5fe23c85820f7b72d0926fc9b05b43e359b7ee'],,,2.53943,,,
Ethereum,pendle,WEETH,1354582,2.64602,0.12844,2.77446,['0x808507121b80c02388fad14726482e061b8da827'],f8e0b386-054e-4437-b58f-b504dd9ebc03,-0.08594,0.13225,0.0476,False,no,single,"{'predictedClass': 'Down', 'predictedProbability': 71, 'binnedConfidence': 2}",For LP | Maturity 25JUN2026,2.91795,0.01525,225,False,"['0x8e8b8d3b2dca78cb04b9914b7ec1ad72f671f96d', '0xac0047886a985071476a1186be89222659970d65']",,,2.71705,278.02474,123313.88,
Ethereum,pendle,MSUSD,1322558,1.87249,0.39208,2.26456,['0x808507121b80c02388fad14726482e061b8da827'],f5f4b40b-efbe-40ff-ba7a-b7ba1d3a9baf,-0.25142,-1.80062,-14.3765,True,no,single,"{'predictedClass': 'Stable/Up', 'predictedProbability': 90, 'binnedConfidence': 3}",For LP | Maturity 09APR2026,7.12328,0.2418,37,False,"['0x0c5f4687ff0ff614438dd75db1c6db0e6669eff2', '0xf3d25ad78fc5b99cc489c648e190aeebac1bd951']",,,6.25627,0.0,0.0,
Ethereum,pendle,MSUSD,1322558,8.86982,,8.86982,,7e10d94d-b24c-4aa7-b294-3682b333aa80,-0.00298,-1.74434,-1.95688,True,no,single,"{'predictedClass': 'Down', 'predictedProbability': 56.99999999999999, 'binnedConfidence': 1}",For buying PT-msUSD-09APR2026,11.02016,0.05653,37,False,['0x4ba01f22827018b4772cd326c7627fb4956a7c00'],,,10.87586,,,
Ethereum,pendle,NUSD,1211731,0.94691,0.22146,1.16837,['0x808507121b80c02388fad14726482e061b8da827'],47e13ff8-e7f2-4bd7-9c96-b4553b4b41d9,-0.15023,,,True,no,single,"{'predictedClass': None, 'predictedProbability': None, 'binnedConfidence': None}",For LP | Maturity 04JUN2026,1.24343,0.00549,2,False,"['0x2443e846d17a738ae1262702fce2c4cd7a3e83ea', '0x29ac34026c369d21fe3b2c7735ec986e2880b347']",,,1.31627,43424.81473,43424.81473,
Ethereum,pendle,NUSD,1211731,6.20803,,6.20803,,931e6662-c13d-4d46-870b-8b0e5d8b45a3,-0.75356,,,True,no,single,"{'predictedClass': None, 'predictedProbability': None, 'binnedConfidence': None}",For buying PT-NUSD-04JUN2026,6.59262,0.02676,2,False,['0xe556aba6fe6036275ec1f87eda296be72c811bce'],,,6.96794,,,
Ethereum,pendle,NUSD,1211565,8.57591,0.39999,8.9759,['0x808507121b80c02388fad14726482e061b8da827'],86435226-80a3-422a-9838-70ab4a6e7bb7,2.88661,5.8889,4.29913,True,no,single,"{'predictedClass': 'Down', 'predictedProbability': 85, 'binnedConfidence': 3}",For LP | Maturity 26FEB2026,3.78892,0.09685,86,False,"['0x215a6a2a0d1c563d0cb55ebd8d126f3bc0b92cf2', '0x29ac34026c369d21fe3b2c7735ec986e2880b347']",,,4.77163,0.0,334.50288,
Ethereum,pendle,NUSD,1211565,19.18257,,19.18257,,5fac34de-a37b-4e25-9370-7655b64093e2,2.91815,8.81624,10.67012,True,no,single,"{'predictedClass': 'Down', 'predictedProbability': 84, 'binnedConfidence': 3}",For buying PT-NUSD-26FEB2026,10.48923,0.09339,86,False,['0xe556aba6fe6036275ec1f87eda296be72c811bce'],,,11.30141,,,
BSC,pendle,SATUSD+,1146280,1.26151,0.12068,1.38218,['0xb3ed0a426155b79b898849803e3b36552f7ed507'],a261620d-ba32-4ea2-a792-be8bae4a2c37,-0.02239,-0.75952,-1.33953,True,no,single,"{'predictedClass': 'Stable/Up', 'predictedProbability': 63, 'binnedConfidence': 2}",For LP | Maturity 26MAR2026,4.17011,0.34583,84,False,"['0x6e3e626f8741cd0e48ba1367b35be5622b426ea0', '0x193b2f36957f7e9e498758bbf182273bc145bb92']",,,2.76463,0.0,0.0,
BSC,pendle,SATUSD+,1146280,6.63818,,6.63818,,9dc9006a-c325-4acf-916c-4e40b7bc2682,-0.05428,-1.69026,-2.47436,True,no,single,"{'predictedClass': 'Down', 'predictedProbability': 56.99999999999999, 'binnedConfidence': 1}",For buying PT-satUSD+-26MAR2026,6.64282,0.12162,84,False,['0x03d9c4e4bc5d3678a9076cac50db0251d8676872'],,,9.0211,,,
Ethereum,pendle,UPUSDC,1129961,12.42019,0.11185,12.53204,['0x808507121b80c02388fad14726482e061b8da827'],59bbffe5-1291-4ecc-b0ac-2b32e70b17e2,-0.00257,10.69099,5.2992,True,no,single,"{'predictedClass': 'Down', 'predictedProbability': 82, 'binnedConfidence': 3}",For LP | Maturity 02APR2026,8.27407,0.25002,127,False,"['0x3ade21ebcf2971e62a0155edfb9c7d16698debef', '0x9a68bba8074f78727a7b129e30175388e02a5b9d']",,,7.47992,1969.03058,27524.75157,
Ethereum,pendle,UPUSDC,1129961,7.43905,,7.43905,,c0e88487-b287-49e6-b445-d0501b5a8978,-0.01787,-1.11821,-1.71311,True,no,single,"{'predictedClass': 'Stable/Up', 'predictedProbability': 54, 'binnedConfidence': 1}",For buying PT-upUSDC-02APR2026,9.47438,0.04555,127,False,['0x80e1048ede66ec4c364b4f22c8768fc657ff6a42'],,,8.39511,,,
Ethereum,pendle,WEETHS,1101921,2.69554,0.01991,2.71545,['0x808507121b80c02388fad14726482e061b8da827'],9ca5b73d-fc1f-4768-b51e-927bb47c6395,0.00819,-0.01852,0.66414,False,no,single,"{'predictedClass': 'Down', 'predictedProbability': 82, 'binnedConfidence': 3}",For LP | Maturity 25JUN2026,2.9476,0.01992,225,False,"['0x6cc3237ae1bbeba960c35b47b0424d34b6404037', '0x012badcc6e824c2ea32bd5367ebda3be3402c9c5']",,,2.45246,0.0,0.0,
Ethereum,pendle,WEETHS,1101921,3.71527,,3.71527,,e2012a65-2add-42d4-bea7-ccf261c19ecc,0.0,-0.05319,-0.03416,False,no,single,"{'predictedClass': 'Down', 'predictedProbability': 56.00000000000001, 'binnedConfidence': 1}",For buying PT-weETHs-25JUN2026,3.70542,0.01781,225,False,['0x917cee801a67f933f2e6b33fc0cd1ed2d5909d88'],,,3.74408,,,
Base,pendle,YOUSD,1052008,8.64364,,8.64364,,c7c9e2c5-a3ea-4e6e-80d7-090fd2d604c5,0.30841,0.76916,0.30131,True,no,single,"{'predictedClass': 'Down', 'predictedProbability': 59, 'binnedConfidence': 1}",For buying PT-yoUSD-26MAR2026,9.79393,0.08646,141,False,['0x0000000f2eb9f69274678c76222b35eec7588a65'],,,8.29361,,,
Base,pendle,YOUSD,1052008,11.70849,0.73673,12.44522,['0xa99f6e6785da0f5d6fb42495fe424bce029eeb3e'],4ae1949e-91ea-4745-a461-7f04d0f7538c,-0.13748,0.37768,4.95916,True,no,single,"{'predictedClass': 'Down', 'predictedProbability': 79, 'binnedConfidence': 3}",For LP | Maturity 26MAR2026,9.89555,0.15206,141,False,"['0x0177055f7429d3bd6b19f2dd591127db871a510e', '0xe181aed8e14469231618504df46e8c069314589b']",,,9.08198,1390.78933,3221.80963,
Ethereum,pendle,RSETH,1045231,2.63027,0.0,2.63027,['0x808507121b80c02388fad14726482e061b8da827'],4c297a1d-8e6d-4a06-b3a0-38b7f4bb3400,0.03204,0.22163,-0.29267,False,no,single,"{'predictedClass': 'Down', 'predictedProbability': 52, 'binnedConfidence': 1}",For LP | Maturity 25JUN2026,3.23664,0.15359,225,False,"['0x1a0d4d92a9fdd5fff38c011275c16e7a147d3788', '0x730a5e2acebccaa5e9095723b3cb862739da793c']",,,2.53513,0.0,282.64699,
Ethereum,pendle,RSETH,1045231,2.50472,,2.50472,,79d38593-2c1d-4ec4-b92e-8d1fe025df5f,0.0,-0.00028,-0.00454,False,no,single,"{'predictedClass': 'Stable/Up', 'predictedProbability': 67, 'binnedConfidence': 2}",For buying PT-rsETH-25JUN2026,2.63258,0.01014,225,False,['0xa1290d69c65a6fe4df752f95823fae25cb99e5a7'],,,2.50474,,,
Ethereum,pendle,MSYRUPUSDP,964357,6.05405,0.23971,6.29376,['0x808507121b80c02388fad14726482e061b8da827'],736ebe53-bc6d-4ff5-b1a4-0a41c5488270,-3.73306,-7.5923,-2.01259,True,no,single,"{'predictedClass': 'Stable/Up', 'predictedProbability': 74, 'binnedConfidence': 3}",For LP | Maturity 26FEB2026,10.36709,0.13278,94,False,"['0x7e818c8c07aeb2aa297c9510f94e18c9a7a05ba4', '0x84568bccd84f7fd8c680e9101da0ef75a024b6b9']",,,8.65554,0.0,0.0,
Ethereum,pendle,MSYRUPUSDP,964357,12.53937,,12.53937,,64e9da6c-38d7-4af3-a110-bfbd541de502,-1.29991,5.64846,3.1901,True,no,single,"{'predictedClass': 'Down', 'predictedProbability': 59, 'binnedConfidence': 1}",For buying PT-msyrupUSDp-26FEB2026,9.08325,0.09054,94,False,['0x2fe058ccf29f123f9dd2aec0418aa66a877d8e50'],,,8.1595,,,
Ethereum,pendle,SUPERUSDC,906868,4.67521,0.74721,5.42241,['0x808507121b80c02388fad14726482e061b8da827'],c22a0b47-a5b1-4396-8704-5e9af041e65d,-0.09145,-5.0625,,True,no,single,"{'predictedClass': 'Stable/Up', 'predictedProbability': 72, 'binnedConfidence': 2}",For LP | Maturity 30APR2026,7.85537,0.10271,27,False,"['0x5d99ff7bcd32c432cbc07fbb0a593ef4cc9d019d', '0x4d654f255d54637112844bd8802b716170904fee']",,,7.86586,0.0,192784.71229,
Ethereum,pendle,SUPERUSDC,906868,6.6263,,6.6263,,f8f00f37-d2ed-4a81-b36a-30b581bef8b2,-0.19882,-1.95324,,True,no,single,"{'predictedClass': 'Stable/Up', 'predictedProbability': 71, 'binnedConfidence': 2}",For buying PT-superUSDC-30APR2026,7.7389,0.04127,27,False,['0xf6ebea08a0dfd44825f67fa9963911c81be2a947'],,,7.82503,,,
Ethereum,pendle,TETH,862131,3.45166,,3.45166,,d8673a18-0d36-44b5-8cbc-f373a2b23c12,-0.0001,-0.06544,-0.66162,False,no,single,"{'predictedClass': 'Down', 'predictedProbability': 55.00000000000001, 'binnedConfidence': 1}",For buying PT-tETH-30APR2026,3.90403,0.02819,49,False,['0xd11c452fc99cf405034ee446803b6f6c1f6d5ed8'],,,3.71815,,,
Ethereum,pendle,TETH,862131,2.97232,0.09731,3.06963,['0x808507121b80c02388fad14726482e061b8da827'],a585ad89-8464-4f3e-97e9-704733778322,0.10803,0.12117,-0.76459,False,no,single,"{'predictedClass': 'Stable/Up', 'predictedProbability': 61, 'binnedConfidence': 2}",For LP | Maturity 30APR2026,3.94001,0.0677,49,False,"['0xaadf90d29ef2866801d177962fae85dd81e65f04', '0xb2dbc10f4fa6113ac75eea254806f6a2aa4bf20b']",,,3.27753,222.23898,2206.71902,
Ethereum,pendle,PUFETH,811083,3.9722,,3.9722,,12b04db2-d875-49b9-acbb-399b83ce6384,-0.10869,-0.156,-0.00194,True,no,single,"{'predictedClass': 'Down', 'predictedProbability': 66, 'binnedConfidence': 2}",For buying PT-pufETH-25JUN2026,4.27525,0.01678,224,False,['0xd9a442856c234a39a81a089c06451ebaa4306a72'],,,4.1156,,,
Ethereum,pendle,PUFETH,811083,0.82622,0.11516,0.94138,['0x808507121b80c02388fad14726482e061b8da827'],1e0f6284-9f20-44c3-8236-67624a568397,-3.89601,-4.3952,-3.4546,True,no,single,"{'predictedClass': 'Stable/Up', 'predictedProbability': 91, 'binnedConfidence': 3}",For LP | Maturity 25JUN2026,3.83277,0.11585,224,False,"['0x84013d1a574515b6a05a0e2392584d445d39d1df', '0x253008ba4ae2f3e6488dc998a5321d4eb1a0c905']",,,3.51011,0.0,0.0,
Ethereum,pendle,MHYPERETH,709163,4.71994,0.02131,4.74125,['0x808507121b80c02388fad14726482e061b8da827'],11403bb6-e709-4075-aeab-dad694775037,0.00048,2.13158,-2.2346,False,no,single,"{'predictedClass': 'Down', 'predictedProbability': 88, 'binnedConfidence': 3}",For LP | Maturity 30APR2026,5.65345,0.13603,43,False,"['0xc1eb2aef318994fd3e077626ffd0749b039ed8bd', '0x4fb450e67e7a5e968e5315dc00f2e52d7f837b54']",,,5.30014,0.0,0.0,
Ethereum,pendle,MHYPERETH,709163,5.80003,,5.80003,,6a0f0b8a-db65-4d65-954f-a4d662492f81,2e-05,-0.01658,-0.48743,False,no,single,"{'predictedClass': 'Down', 'predictedProbability': 62, 'binnedConfidence': 2}",For buying PT-mHyperETH-30APR2026,6.09687,0.01935,43,False,['0x5a42864b14c0c8241ef5ab62dae975b163a2e0c1'],,,6.04163,,,
Hyperliquid L1,pendle,WNLP,679719,3.46485,0.28493,3.74978,['0xD6Eb81136884713E843936843E286FD2a85A205A'],99703d2e-a388-44ff-81b7-a7946b520d1e,0.00197,-1.68739,-34.62711,False,no,single,"{'predictedClass': 'Stable/Up', 'predictedProbability': 57.99999999999999, 'binnedConfidence': 1}",For LP | Maturity 25JUN2026,10.46761,0.56139,40,False,"['0x4eb660811bcb71174b04a1f102f784efe794a66b', '0x9b7430db2c59247e861702b5c85131eeaf03aed3']",,,8.31419,0.0,0.0,
Hyperliquid L1,pendle,WNLP,679719,7.81555,,7.81555,,9d6cb595-eebb-45d0-b10b-c6171a94f8d4,0.03615,-1.43714,0.61486,False,no,single,"{'predictedClass': 'Down', 'predictedProbability': 71, 'binnedConfidence': 2}",For buying PT-wNLP-25JUN2026,7.85824,0.04901,40,False,['0x4cc221cf1444333510a634ce0d8209d2d11b9bba'],,,8.32747,,,
Ethereum,pendle,AGETH,637310,4.40423,0.06801,4.47224,['0x808507121b80c02388fad14726482e061b8da827'],fa5191a3-c3e4-4b99-8d94-b537fa5a4681,-0.29758,-4.6607,-0.76241,False,no,single,"{'predictedClass': 'Down', 'predictedProbability': 64, 'binnedConfidence': 2}",For LP | Maturity 25JUN2026,5.4528,0.22626,225,False,"['0xc21eb911833f283c7e9b05398f2b2f803d8dcee3', '0xb1b9150f2085f6a553b547099977181ca802752a']",,,6.1083,0.0,3064.81039,
Ethereum,pendle,AGETH,637310,5.00339,,5.00339,,36ee266e-eb0c-47ee-9447-f15efaea6dcc,-0.13671,-0.15337,0.53113,False,no,single,"{'predictedClass': 'Down', 'predictedProbability': 61, 'binnedConfidence': 2}",For buying PT-agETH-25JUN2026,3.70459,0.05069,225,False,['0xe1b4d34e8754600962cd944b535180bd758e6c2e'],,,4.8452,,,
Ethereum,pendle,FXSAVE,584836,6.52313,,6.52313,,0af2a89e-cfcd-4e9c-83a4-0afe9939502f,1e-05,0.22884,-0.84953,False,no,single,"{'predictedClass': 'Stable/Up', 'predictedProbability': 67, 'binnedConfidence': 2}",For buying PT-fxSAVE-30APR2026,7.74747,0.05106,115,False,['0x7743e50f534a7f9f1791dde7dcd89f7783eefc39'],,,6.63185,,,
Ethereum,pendle,FXSAVE,584836,3.25965,0.03832,3.29798,['0x808507121b80c02388fad14726482e061b8da827'],e59f4411-983f-46ae-ab24-5325728890ca,-0.06573,-0.25277,-1.50005,False,no,single,"{'predictedClass': 'Stable/Up', 'predictedProbability': 72, 'binnedConfidence': 2}",For LP | Maturity 30APR2026,6.74375,0.13322,114,False,"['0xb1e926428ebec4421cce1ec6d9ff65d27f4b4bb6', '0x13945b761b2ed3219a497a46d15a8923f418d2ab']",,,3.8782,0.0,0.0,
BSC,pendle,SOLVBTC.BNB,578376,1.3813,,1.3813,,a7aa2c65-4b9c-47de-9803-0e2dff9c2583,0.02847,0.00576,0.06649,False,no,single,"{'predictedClass': 'Stable/Up', 'predictedProbability': 79, 'binnedConfidence': 3}",For buying PT-SolvBTC.BNB-26MAR2026,1.25522,0.00977,65,False,['0x6c948a4c31d013515d871930fe3807276102f25d'],,,1.38998,,,
BSC,pendle,SOLVBTC.BNB,578376,1.15088,0.00249,1.15337,['0xb3ed0a426155b79b898849803e3b36552f7ed507'],129d082e-54f3-4475-b444-7d4455460302,0.00226,0.09634,0.31051,False,no,single,"{'predictedClass': 'Stable/Up', 'predictedProbability': 61, 'binnedConfidence': 2}",For LP | Maturity 26MAR2026,1.12443,0.03974,65,False,"['0xab785c6eecb26376ceb49c2730d46bdf675098a7', '0x58b4441b97c577b66e46aa155e04dc4652fd0d34']",,,0.94977,0.0,0.0,
Arbitrum,pendle,USDAI,574999,1.73316,8.57688,10.31003,['0x0c880f6761f1af8d9aa9c466984b80dab9a8c9e8'],d2bc2c4d-2080-4ad2-ba0f-ef4d6d6e5189,-1.06957,5.28286,,True,no,single,"{'predictedClass': 'Down', 'predictedProbability': 72, 'binnedConfidence': 2}",For LP | Maturity 18JUN2026,7.76463,0.1709,12,False,"['0x1cdde40e29da213f42a7fa109ccadca372d9ee1b', '0x5edcbc20cac67adc2e724d4348ff85132b085b82']",,,7.9552,206.4802,149228.75893,
Arbitrum,pendle,USDAI,574999,6.37989,,6.37989,,6fc8395f-40c4-42c1-9002-c2b48c5e4c48,-0.10084,1.34325,,True,no,single,"{'predictedClass': 'Down', 'predictedProbability': 66, 'binnedConfidence': 2}",For buying PT-USDai-18JUN2026,5.18782,0.04802,12,False,['0x0a1a1a107e45b7ced86833863f482bc5f4ed82ef'],,,5.34921,,,
Ethereum,pendle,SAID,552892,11.38884,0.30432,11.69315,['0x808507121b80c02388fad14726482e061b8da827'],5eebb615-921c-41b2-97e1-cd3baef440b1,-0.03717,-0.87442,-8.03993,False,no,single,"{'predictedClass': 'Down', 'predictedProbability': 63, 'binnedConfidence': 2}",For LP | Maturity 30JUL2026,15.44155,0.21221,35,False,"['0xbf3e030a77f215a77434f084392d9159a66963d2', '0x39fb0bb5d696ec6da2d827649cf3a3f00299d2dd']",,,15.18216,0.0,0.0,
Ethereum,pendle,SAID,552892,9.06332,,9.06332,,28a35fcb-2408-447f-aa37-ad0f6affb51e,-0.11143,-0.08344,0.68265,False,no,single,"{'predictedClass': 'Down', 'predictedProbability': 83, 'binnedConfidence': 3}",For buying PT-sAID-30JUL2026,8.52481,0.08238,35,False,['0xb3b3c527ba57cd61648e2ec2f5e006a0b390a9f8'],,,8.26689,,,
Hyperliquid L1,pendle,XHYPE,546755,7.13434,,7.13434,,4c3036fa-7857-4a9d-b595-aa910f9b68ed,-2.18044,-2.0801,-0.60746,False,no,single,"{'predictedClass': 'Down', 'predictedProbability': 55.00000000000001, 'binnedConfidence': 1}",For buying PT-xHYPE-26FEB2026,8.05038,0.03224,84,False,['0xac962fa04bf91b7fd0dc0c5c32414e0ce3c51e03'],,,8.71719,,,
Hyperliquid L1,pendle,XHYPE,546755,5.99256,0.15156,6.14412,['0xD6Eb81136884713E843936843E286FD2a85A205A'],50377aaf-5e01-4955-a7e3-0fe00e0bc2c2,0.63529,-0.77989,-1.93233,False,no,single,"{'predictedClass': 'Down', 'predictedProbability': 54, 'binnedConfidence': 1}",For LP | Maturity 26FEB2026,7.94209,0.16939,84,False,"['0x4c06ed138bac52bd8999fd8718919288e5707bd5', '0xd288a2fdaa529848939d371da31ac75e3f1ea9b7']",,,7.18041,0.0,0.0,
Ethereum,pendle,SWETH,487804,3.18426,1e-05,3.18427,['0x808507121b80c02388fad14726482e061b8da827'],3e99314b-6e1d-4191-a4e6-35ff44f4b21e,0.17055,0.09829,0.24928,False,no,single,"{'predictedClass': 'Down', 'predictedProbability': 69, 'binnedConfidence': 2}",For LP | Maturity 25JUN2026,3.40641,0.06928,224,False,"['0x761353416187cd12cb5fcbf524ddda940705acc5', '0xaa68ca9c69a4ff22203ce189ce4448d7401875e8']",,,3.1868,0.0,0.0,
Ethereum,pendle,SWETH,487804,3.32566,,3.32566,,062770d8-b153-4b2a-b8ad-645815a80bac,0.0,-1e-05,0.04666,False,no,single,"{'predictedClass': 'Down', 'predictedProbability': 67, 'binnedConfidence': 2}",For buying PT-swETH-25JUN2026,3.02125,0.01636,224,False,['0xf951e335afb289353dc249e82926178eac7ded78'],,,3.31425,,,
Arbitrum,pendle,WSTETH,485767,2.362,0.00403,2.36603,['0x0c880f6761f1af8d9aa9c466984b80dab9a8c9e8'],634de7f1-3fee-4f7b-84a7-49264375d5f2,0.00729,-0.02123,-0.17297,False,no,single,"{'predictedClass': 'Stable/Up', 'predictedProbability': 66, 'binnedConfidence': 2}",For LP | Maturity 25JUN2026,2.99419,0.03969,224,False,"['0x71fbf40651e9d4278a74586afc99f307f369ce9a', '0x80c12d5b6cc494632bf11b03f09436c8b61cc5df']",,,2.51053,0.0039,0.0349,
Arbitrum,pendle,WSTETH,485767,2.4126,,2.4126,,3dc97129-751e-4150-9b6f-34ab779ca0f2,1e-05,0.00556,0.00839,False,no,single,"{'predictedClass': 'Stable/Up', 'predictedProbability': 75, 'binnedConfidence': 3}",For buying PT-wstETH-25JUN2026,2.52465,0.00613,224,False,['0x5979d7b546e38e414f7e9822514be443a4800529'],,,2.40435,,,
Ethereum,pendle,ASDPENDLE,483091,17.49559,,17.49559,,599d01d6-44fb-41a8-a745-9db1083716d4,0.76675,0.63753,1.15101,False,no,single,"{'predictedClass': 'Stable/Up', 'predictedProbability': 80, 'binnedConfidence': 3}",For buying PT-asdPENDLE-26MAR2026,25.59435,0.44714,127,False,['0x606462126e4bd5c4d153fe09967e4c46c9c7fecf'],,,17.42756,,,
Ethereum,pendle,ASDPENDLE,483091,15.11192,0.15717,15.26909,['0x808507121b80c02388fad14726482e061b8da827'],521d3509-0d7b-4516-b537-0561a829567e,0.43816,-4.18073,-4.17704,False,no,single,"{'predictedClass': 'Stable/Up', 'predictedProbability': 62, 'binnedConfidence': 2}",For LP | Maturity 26MAR2026,32.45032,0.6362,127,False,"['0xab422a9b3767f4f1a2443882f5c0d1a01f30cde2', '0xc87d2d5a2117a495e0f04ef9304da603a86b7ad5']",,,18.73104,0.0,0.0,
Ethereum,pendle,NBASIS,454072,8.94597,0.28928,9.23526,['0x808507121b80c02388fad14726482e061b8da827'],4268643f-ff4d-4bfd-8ec3-ae0b0ae5ac87,3.31645,3.82073,2.6973,False,no,single,"{'predictedClass': 'Stable/Up', 'predictedProbability': 51, 'binnedConfidence': 1}",For LP | Maturity 26MAR2026,9.00647,0.23674,106,False,"['0x814708d8d74719a147887af01da1be44f640a27b', '0xa08c5b18a05317dc0ed43c9eea9ea6db85d84ed1']",,,7.26142,0.0,0.0,
Ethereum,pendle,NBASIS,454072,9.50098,,9.50098,,5a29a2e5-10e0-471b-9952-ff9d1abd9b85,0.29591,-0.73439,-0.89757,False,no,single,"{'predictedClass': 'Down', 'predictedProbability': 65, 'binnedConfidence': 2}",For buying PT-nBASIS-26MAR2026,10.98405,0.10691,106,False,['0x11113ff3a60c2450f4b22515cb760417259ee94b'],,,10.03405,,,
Ethereum,pendle,SBOLD,435007,3.75068,0.06416,3.81484,['0x808507121b80c02388fad14726482e061b8da827'],aea51635-6a47-4538-85e6-878421312271,-0.10598,-2.12843,,True,no,single,"{'predictedClass': 'Stable/Up', 'predictedProbability': 86, 'binnedConfidence': 3}",For LP | Maturity 25JUN2026,12.60523,0.44029,30,False,"['0xd7baa983d2a44409b4b8f23fc1152368bc5f10ad', '0xa73fb4f3a3f3889e41387973afc542fa06785981']",,,13.3421,0.0,0.0,
Ethereum,pendle,SBOLD,435007,4.49815,,4.49815,,70a7ef17-73b9-4bfb-ba7e-c63a72f09001,0.0,-0.50449,,True,no,single,"{'predictedClass': 'Stable/Up', 'predictedProbability': 59, 'binnedConfidence': 1}",For buying PT-sBOLD-25JUN2026,4.91527,0.03105,30,False,['0x50bd66d59911f5e086ec87ae43c811e0d059dd11'],,,4.88888,,,
Ethereum,pendle,ASDCRV,432688,28.48996,,28.48996,,7ecf7729-6c12-423f-837c-0f688746b787,-0.17192,-1.17059,10.0782,False,no,single,"{'predictedClass': 'Down', 'predictedProbability': 79, 'binnedConfidence': 3}",For buying PT-asdCRV-25JUN2026,20.72018,0.20239,72,False,['0x43e54c2e7b3e294de3a155785f52ab49d87b9922'],,,24.82175,,,
Ethereum,pendle,ASDCRV,432688,30.89019,2.877,33.76719,['0x808507121b80c02388fad14726482e061b8da827'],02d4887f-4415-43b3-8ec2-70020474af91,-0.21457,-2.09567,7.5624,False,no,single,"{'predictedClass': 'Down', 'predictedProbability': 88, 'binnedConfidence': 3}",For LP | Maturity 25JUN2026,25.25408,0.22604,72,False,"['0x4f3f6283abf1253baab099c94fe13ae1ce8194f1', '0x18c11b1dc74cab82ad18d5034fde93fe90a41d99']",,,29.8497,2983.12218,3440.78208,
Ethereum,pendle,UNIETH,421551,3.75285,0.00215,3.755,['0x808507121b80c02388fad14726482e061b8da827'],0f72592a-80bf-4ec4-966b-1af1d9ace829,-0.24003,1.14838,-0.59222,False,no,single,"{'predictedClass': 'Stable/Up', 'predictedProbability': 63, 'binnedConfidence': 2}",For LP | Maturity 25JUN2026,3.65441,0.05972,225,False,"['0xf1c9a56010b76ed39a3dca7e3bb25d7ed75e61c1', '0xc430db19339a3051192233b4c49f9ab3dc6d16b7']",,,4.11598,0.0,907.67876,
Ethereum,pendle,UNIETH,421551,4.20494,,4.20494,,c289de95-a67e-4461-9147-a8d8098777df,0.0,-0.00442,-0.49379,False,no,single,"{'predictedClass': 'Down', 'predictedProbability': 56.99999999999999, 'binnedConfidence': 1}",For buying PT-uniETH-25JUN2026,3.37763,0.02071,225,False,['0xf1376bcef0f78459c0ed0ba5ddce976f1ddf51f4'],,,4.2516,,,
Ethereum,pendle,YSYBOLD,388983,4.29175,0.05288,4.34463,['0x808507121b80c02388fad14726482e061b8da827'],c1158f96-eb6b-4e56-b445-e2142a28b513,-0.06184,0.0669,-0.48275,True,no,single,"{'predictedClass': 'Stable/Up', 'predictedProbability': 73, 'binnedConfidence': 2}",For LP | Maturity 28MAY2026,8.82881,0.31739,84,False,"['0x33e9a43b411000dd49c5ba66463f7dffaefa3fa6', '0xc93374d3044e61743547c1845071e94f6fd5123b']",,,10.84547,0.0,29.90269,
Ethereum,pendle,YSYBOLD,388983,6.70535,,6.70535,,222d12d0-17ae-4589-80f3-df7661ff1881,1e-05,0.28472,1.28341,True,no,single,"{'predictedClass': 'Down', 'predictedProbability': 65, 'binnedConfidence': 2}",For buying PT-ysyBOLD-28MAY2026,5.90263,0.03521,84,False,['0x23346b04a7f55b8760e5860aa5a77383d63491cd'],,,5.76392,,,
Hyperliquid L1,pendle,STHYPEAMMLP,383889,2.75315,0.4915,3.24465,['0xD6Eb81136884713E843936843E286FD2a85A205A'],596db7da-7a0a-45c3-bcfe-4ba432d4cd74,0.08899,0.71745,0.79371,False,no,single,"{'predictedClass': 'Down', 'predictedProbability': 68, 'binnedConfidence': 2}",For LP | Maturity 04JUN2026,2.93572,0.06628,71,False,"['0x31bec70012f6a197715f388eef86d65a798d945c', '0x570ec699c8ae1d43f3ede32d95fdaa6542d42278']",,,3.16284,0.0,0.0,
Hyperliquid L1,pendle,STHYPEAMMLP,383889,6.70674,,6.70674,,8ff5aa74-608e-431b-bd35-7938d6ffcd37,0.18766,1.13119,0.68573,False,no,single,"{'predictedClass': 'Down', 'predictedProbability': 66, 'binnedConfidence': 2}",For buying PT-stHYPE AMM LP-04JUN2026,5.24239,0.03301,71,False,['0x39694eff3b02248929120c73f90347013aec834d'],,,5.48123,,,
Ethereum,pendle,USDE,379250,3.40145,,3.40145,,83c2c8ab-d5f2-4418-afae-71f6ab8195f2,0.06505,-0.18622,-0.47419,True,no,single,"{'predictedClass': 'Down', 'predictedProbability': 53, 'binnedConfidence': 1}",For buying PT-USDe-07MAY2026,3.85776,0.03962,47,False,['0x4c9edd5852cd905f086c759e8383e09bff1e68b3'],,,3.54301,,,
Ethereum,pendle,USDE,379250,0.68322,5.1609,5.84412,['0x808507121b80c02388fad14726482e061b8da827'],1ebcbcfd-24e4-4458-a9ee-a616067ea249,4.58217,5.08598,4.3738,True,no,single,"{'predictedClass': 'Down', 'predictedProbability': 82, 'binnedConfidence': 3}",For LP | Maturity 07MAY2026,2.41135,0.11067,47,False,"['0xaebf0bb9f57e89260d57f31af34eb58657d96ce0', '0xf0bacd9c3d94fc924dbcaaf644208c4e3f4d3bb4']",,,2.18887,20068.99189,24935.28373,
Arbitrum,pendle,GUSDC,363409,7.75795,0.22541,7.98336,['0x0c880f6761f1af8d9aa9c466984b80dab9a8c9e8'],766b4c34-76b3-4a57-bbec-2c972ddf8b86,0.45973,3.04075,1.67801,True,no,single,"{'predictedClass': 'Stable/Up', 'predictedProbability': 56.00000000000001, 'binnedConfidence': 1}",For LP | Maturity 25JUN2026,8.80952,0.17168,42,False,"['0x97c1a4ae3e0da8009aff13e3e3ee7ea5ee4afe84', '0x0a9ed458e6c283d1e84237e3347333aa08221d09']",,,9.36005,0.0,0.0,
Arbitrum,pendle,GUSDC,363409,7.18446,,7.18446,,78859dcd-63ab-4d0e-bef4-d5a7efef393d,1e-05,0.02969,2.69671,True,no,single,"{'predictedClass': 'Down', 'predictedProbability': 60, 'binnedConfidence': 1}",For buying PT-gUSDC-25JUN2026,6.52152,0.07432,42,False,['0xd3443ee1e91af28e5fb858fbd0d72a63ba8046e0'],,,7.17875,,,
Ethereum,pendle,YNRWAX,343441,11.85684,,11.85684,,91338cef-96b3-4546-aa54-f95bcfa50a95,-0.13614,-1.44728,1.08865,False,no,single,"{'predictedClass': 'Down', 'predictedProbability': 75, 'binnedConfidence': 3}",For buying PT-ynRWAx-15OCT2026,11.07041,0.05069,106,False,['0x01ba69727e2860b37bc1a2bd56999c1afb4c15d8'],,,12.01186,,,
Ethereum,pendle,YNRWAX,343441,46.39654,5.32848,51.72502,['0x808507121b80c02388fad14726482e061b8da827'],59cc7f5d-7446-431b-ae0e-d2ccc8c13a9b,-1.50286,15.41411,39.24244,False,no,single,"{'predictedClass': 'Down', 'predictedProbability': 99, 'binnedConfidence': 3}",For LP | Maturity 15OCT2026,19.67302,0.56996,106,False,"['0x77db49ac43107f0cef6f65837aa55ee8ae4cd9fa', '0x5271be3516a36316465ee50c4288ce91e58f7759']",,,33.74634,4675.26558,68297.24132,
Hyperliquid L1,pendle,LHYPE,333975,3.67159,0.02748,3.69908,['0xD6Eb81136884713E843936843E286FD2a85A205A'],7d356f72-3a00-46d2-8f04-a66af3575da4,-0.06514,0.34469,0.48132,False,no,single,"{'predictedClass': 'Stable/Up', 'predictedProbability': 52, 'binnedConfidence': 1}",For LP | Maturity 28MAY2026,3.14571,0.07767,86,False,"['0xce1dad035013f566aa3b71b062a57ef1683f4b3d', '0x8608cc009e64d0ebe6ae071a3c6107e0124eff41']",,,2.92792,0.0,0.0,
Hyperliquid L1,pendle,LHYPE,333975,4.1566,,4.1566,,4a443925-99dd-4f62-9828-4fa68c7b390a,0.02953,0.16981,0.27943,False,no,single,"{'predictedClass': 'Down', 'predictedProbability': 51, 'binnedConfidence': 1}",For buying PT-LHYPE-28MAY2026,4.94058,0.05071,86,False,['0x5748ae796ae46a4f1348a1693de4b50560485562'],,,4.25912,,,
Hyperliquid L1,pendle,HAHYPE,329334,3.42599,0.06336,3.48935,['0xD6Eb81136884713E843936843E286FD2a85A205A'],2b39cd77-2bda-433c-aad1-c99a02f24c46,0.81083,-0.48746,-4.00513,False,no,single,"{'predictedClass': 'Stable/Up', 'predictedProbability': 73, 'binnedConfidence': 2}",For LP | Maturity 30JUL2026,5.04249,0.09126,35,False,"['0x55fde0e8fe7e486ecd53286b49d3d73e71c96248', '0xb335b5a8f260c4e2d4e102d4bf4bbf0fe80b6537']",,,4.70739,0.0,0.0,
Hyperliquid L1,pendle,HAHYPE,329334,4.66214,,4.66214,,da1781da-2a71-4038-89b1-88e18994eccb,0.02731,0.04085,1.1231,False,no,single,"{'predictedClass': 'Stable/Up', 'predictedProbability': 53, 'binnedConfidence': 1}",For buying PT-haHYPE-30JUL2026,4.30429,0.03479,35,False,['0xfde5b0626fc80e36885e2fa9cd5ad9d7768d725c'],,,4.28268,,,
Hyperliquid L1,pendle,HWHYPE,323452,3.48724,,3.48724,,7f88d882-0225-4ceb-95ab-83a308aa5175,-0.00119,-2.56018,-0.64007,False,no,single,"{'predictedClass': 'Stable/Up', 'predictedProbability': 60, 'binnedConfidence': 1}",For buying PT-hwHYPE-25JUN2026,5.16376,0.05642,49,False,['0x4de03ca1f02591b717495cfa19913ad56a2f5858'],,,5.70802,,,
Hyperliquid L1,pendle,HWHYPE,323452,3.49061,0.33786,3.82847,['0xD6Eb81136884713E843936843E286FD2a85A205A'],a9a4e74d-c9a6-452e-8042-d6af44d85120,0.07656,-2.82753,-1.1494,False,no,single,"{'predictedClass': 'Down', 'predictedProbability': 52, 'binnedConfidence': 1}",For LP | Maturity 25JUN2026,8.07561,0.22254,49,False,"['0x9802937c75e2b04bc1ffd5de32678c70f6d255b3', '0x66616297801127ea586a7a87ce9715d374c57f7e']",,,7.66338,0.0,0.0,
Ethereum,pendle,USP,315947,11.8546,,11.8546,,0b31b028-b409-4db0-b108-c6270a42c0ec,-1.08631,-1.83582,,True,no,single,"{'predictedClass': 'Down', 'predictedProbability': 72, 'binnedConfidence': 2}",For buying PT-USP-25JUN2026,13.43645,0.03251,13,False,['0x098697ba3fee4ea76294c5d6a466a4e3b3e95fe6'],,,13.56889,,,
Ethereum,pendle,USP,315947,11.04701,11.05072,22.09773,['0x808507121b80c02388fad14726482e061b8da827'],c68a3efc-9b7c-4362-9a00-3dad2b54a01b,0.54802,-5.38809,,True,no,single,"{'predictedClass': 'Down', 'predictedProbability': 84, 'binnedConfidence': 3}",For LP | Maturity 25JUN2026,22.83353,0.12255,13,False,"['0x3ffaa9ce7cfa5688277b97bf6a8c22249404d129', '0xf5145335540c4116956c0936b7db08d1a862a2d9']",,,22.87714,674.46299,5191.73995,
Ethereum,pendle,SYRUPUSDC,315179,4.57622,0.00604,4.58226,['0x808507121b80c02388fad14726482e061b8da827'],97a98ca5-1127-47e8-8be8-527a7bd81557,-0.01326,-0.83129,-2.17694,True,no,single,"{'predictedClass': 'Down', 'predictedProbability': 59, 'binnedConfidence': 1}",For LP | Maturity 26MAR2026,6.27056,0.04734,70,False,"['0x1d6dc40e0c3247389a812f6c24b555b6cca3c9ff', '0xc9e9c85b33e87fde85c44dbf72b4b842a071551d']",,,5.84848,0.0,4724.4662,
Ethereum,pendle,SYRUPUSDC,315179,4.76371,,4.76371,,88459997-3650-4bc5-9fa5-d9555e6df723,-0.00214,-0.00543,0.38874,True,no,single,"{'predictedClass': 'Down', 'predictedProbability': 57.99999999999999, 'binnedConfidence': 1}",For buying PT-syrupUSDC-26MAR2026,4.7057,0.01772,70,False,['0x80ac24aa929eaf5013f6436cda2a7ba190f5cc0b'],,,4.71655,,,
Ethereum,pendle,SUSP,288451,9.43387,,9.43387,,f7c345b1-d545-43c3-baf3-9c9135854f19,1e-05,-0.26351,0.0497,True,no,single,"{'predictedClass': 'Down', 'predictedProbability': 71, 'binnedConfidence': 2}",For buying PT-sUSP-25JUN2026,9.61564,0.01701,70,False,['0x271c616157e69a43b4977412a64183cf110edf16'],,,9.37518,,,
Ethereum,pendle,SUSP,288451,7.61417,0.14212,7.7563,['0x808507121b80c02388fad14726482e061b8da827'],62585fde-1208-4f89-9693-96fc20b4c224,-0.09545,-0.20362,-1.76414,True,no,single,"{'predictedClass': 'Down', 'predictedProbability': 57.99999999999999, 'binnedConfidence': 1}",For LP | Maturity 25JUN2026,9.54165,0.07632,70,False,"['0x901d27211fcc74c6936c2eb6f6b04f2c127a194c', '0x122b0b5d0c88840017896381816a8b03bec4806d']",,,8.27678,0.0,9.9257,
Arbitrum,pendle,RSETH,276051,2.6606,0.01609,2.67669,['0x0c880f6761f1af8d9aa9c466984b80dab9a8c9e8'],75cffdf2-2637-4a01-82ce-d7bdc18dc248,-0.35932,0.22893,-0.29218,False,no,single,"{'predictedClass': 'Down', 'predictedProbability': 53, 'binnedConfidence': 1}",For LP | Maturity 25JUN2026,2.87807,0.15312,225,False,"['0xc9bfc3afd592cc5a3305aec09aaaa6b9bb4c12d0', '0xf176fb51f4eb826136a54fdc71c50fcd2202e272']",,,2.53531,0.0,0.0,
Arbitrum,pendle,RSETH,276051,2.70407,,2.70407,,102c856e-14a6-4480-84cb-3322f682b237,0.20568,0.32719,0.45676,False,no,single,"{'predictedClass': 'Stable/Up', 'predictedProbability': 68, 'binnedConfidence': 2}",For buying PT-rsETH-25JUN2026,2.52871,0.00912,225,False,['0x4186bfc76e2e237523cbc30fd220fe055156b41f'],,,2.35859,,,
Ethereum,pendle,WOETH,273865,2.95992,0.0,2.95992,['0x808507121b80c02388fad14726482e061b8da827'],1071bdf2-cd91-4c91-ba9c-ea4b5c827d4e,4e-05,7e-05,-0.00421,False,no,single,"{'predictedClass': 'Down', 'predictedProbability': 64, 'binnedConfidence': 2}",For LP | Maturity 25JUN2026,2.97106,0.01093,63,False,"['0xfe63a5d72375b670803020c31d3e1236c5bd123b', '0x0a26e7ab5c554232314a8d459eff0ede72333f08']",,,2.95794,0.0,0.0,
Ethereum,pendle,WOETH,273865,3.4999,,3.4999,,923542cd-dfff-4002-ae4f-d602d9e0f26c,0.0,0.0,0.0,False,no,single,"{'predictedClass': 'Stable/Up', 'predictedProbability': 53, 'binnedConfidence': 1}",For buying PT-wOETH-25JUN2026,3.49993,0.0,63,False,['0xdcee70654261af21c44c093c300ed3bb97b78192'],,,3.4999,,,
Ethereum,pendle,LIDOGGV,218454,2.79002,0.14314,2.93316,['0x808507121b80c02388fad14726482e061b8da827'],3a94e96e-fef5-4d8b-84c1-48bd431edb9b,0.61192,1.14425,-2.3099,False,no,single,"{'predictedClass': 'Stable/Up', 'predictedProbability': 56.99999999999999, 'binnedConfidence': 1}",For LP | Maturity 26MAR2026,5.35819,0.11559,86,False,"['0x4917e3f5d092154c462f97e0f3dd8d3ffd9fd533', '0x55cb9535aa1ee7c98916b044af5679eb5ea1c171']",,,3.58758,0.0,0.0,
Ethereum,pendle,LIDOGGV,218454,3.51514,,3.51514,,4fd38248-292f-4c5b-8c4b-6dfd6904607d,1e-05,-0.63385,-1.24406,False,no,single,"{'predictedClass': 'Down', 'predictedProbability': 53, 'binnedConfidence': 1}",For buying PT-Lido GGV-26MAR2026,4.24619,0.02049,86,False,['0xef417fce1883c6653e7dc6af7c6f85ccde84aa09'],,,4.19199,,,
Hyperliquid L1,pendle,HWHLP,149509,3.35761,1.46086,4.81846,['0xD6Eb81136884713E843936843E286FD2a85A205A'],1bf20d26-5ba4-44f9-bd4b-2c0224f95049,0.30722,-1.7793,-8.6724,False,no,single,"{'predictedClass': 'Stable/Up', 'predictedProbability': 61, 'binnedConfidence': 2}",For LP | Maturity 25JUN2026,28.66048,1.69721,49,True,"['0xf4eba6a95b6865e269db44d0840ee34d8fb339e0', '0xc3bc221de037908fd24c79602b731df848b12157']",,,41.84932,0.0,0.0,
Hyperliquid L1,pendle,HWHLP,149509,7.19693,,7.19693,,f658f10f-2941-4745-856f-e45fd371f0eb,0.33631,-2.02782,0.08686,False,no,single,"{'predictedClass': 'Down', 'predictedProbability': 69, 'binnedConfidence': 2}",For buying PT-hwHLP-25JUN2026,7.68954,0.1074,49,False,['0x9fd7466f987fd4c45a5bbde22ed8aba5bc8d72d1'],,,7.97237,,,
Ethereum,pendle,USDF,149096,4.33484,,4.33484,,fd1866b8-f4fa-45ac-8c57-975dcaf6b2e6,-1.04393,-0.98967,,True,no,single,"{'predictedClass': 'Stable/Up', 'predictedProbability': 55.00000000000001, 'binnedConfidence': 1}",For buying PT-USDf-18JUN2026,4.92258,0.04708,29,False,['0xfa2b947eec368f42195f24f36d2af29f7c24cec2'],,,4.99569,,,
Ethereum,pendle,USDF,149096,0.71979,0.00981,0.7296,['0x808507121b80c02388fad14726482e061b8da827'],21420044-6c54-4add-b22a-c533f96759b0,-0.1842,-0.1603,,True,no,single,"{'predictedClass': 'Stable/Up', 'predictedProbability': 70, 'binnedConfidence': 2}",For LP | Maturity 18JUN2026,1.39486,0.0461,29,False,"['0xec11ba2b8a9e77f69fdb0890de2c27343db28314', '0x982be58c67689e0bab9e884c30e7a6e78e064c9d']",,,1.40553,0.0,0.0,
Hyperliquid L1,pendle,WHLP,132973,3.13465,0.42047,3.55511,['0xD6Eb81136884713E843936843E286FD2a85A205A'],df9feb0a-285d-491a-8f37-01220fc896fb,-0.18344,-2.06597,,False,no,single,"{'predictedClass': 'Down', 'predictedProbability': 56.00000000000001, 'binnedConfidence': 1}",For LP | Maturity 25JUN2026,34.98893,2.56432,21,True,"['0x7a1910993f3295937f2fa0c15e630b6c1b6f461b', '0xaf8857ae2d2ddeaa23b2e8414d2031eb10621e19']",,,47.25417,0.0,0.0,
Hyperliquid L1,pendle,WHLP,132973,10.20635,,10.20635,,790b6882-1194-4305-a58f-6dab6042f436,-0.283,-1.22047,,False,no,single,"{'predictedClass': 'Down', 'predictedProbability': 59, 'binnedConfidence': 1}",For buying PT-WHLP-25JUN2026,11.03323,0.02457,21,False,['0x1359b05241ca5076c9f59605214f4f84114c0de8'],,,11.05473,,,
Ethereum,pendle,SUPERWETH,129924,3.09986,2.79873,5.89859,['0x808507121b80c02388fad14726482e061b8da827'],ff7d2a52-64b7-485a-a78c-afbfdb12b93d,-0.5449,-1.90964,,False,no,single,"{'predictedClass': 'Down', 'predictedProbability': 66, 'binnedConfidence': 2}",For LP | Maturity 30APR2026,6.80516,0.03614,17,False,"['0x3ae763d13becd4f96ced845660a672e414556ce8', '0x3aecaedfb92efbbac95e5c458c56e94070cb9179']",,,6.87649,0.0,9985.10819,
Ethereum,pendle,SUPERWETH,129924,5.33873,,5.33873,,8464cceb-f167-4e74-b83c-bb0e6668eb33,1e-05,-0.34442,,False,no,single,"{'predictedClass': 'Down', 'predictedProbability': 50, 'binnedConfidence': 1}",For buying PT-superWETH-30APR2026,5.56554,0.02065,17,False,['0xa036823b9a24f63c32553367bf181ee04229c3ac'],,,5.64528,,,
Base,pendle,SKAITO,114860,36.48876,,36.48876,,3874b4db-0a3f-46b8-9422-bde82f6a8e8d,-1.16321,-4.17389,,False,no,single,"{'predictedClass': 'Down', 'predictedProbability': 82, 'binnedConfidence': 3}",For buying PT-sKAITO-30JUL2026,34.40407,0.18375,26,False,['0x548d3b444da39686d1a6f1544781d154e7cd1ef7'],,,34.4038,,,
Base,pendle,SKAITO,114860,30.20608,2.50354,32.70962,['0xa99f6e6785da0f5d6fb42495fe424bce029eeb3e'],59bc7a44-4b80-44bd-aa7e-31866d2f1727,-1.39281,-8.56807,,False,no,single,"{'predictedClass': 'Down', 'predictedProbability': 63, 'binnedConfidence': 2}",For LP | Maturity 30JUL2026,41.14226,0.56563,26,True,"['0x87244f834fc4f74266f6e1c247c7f0dfc8b21d81', '0x4b272672a58da22b213e733f5aba48cfec534d30']",,,41.24741,0.0,8.40353,
Arbitrum,pendle,UNIETH,107500,3.19019,0.29466,3.48485,['0x0c880f6761f1af8d9aa9c466984b80dab9a8c9e8'],cf21b287-2f7c-4363-add1-3a0a56de24e6,-0.40369,2.32903,-0.17492,False,no,single,"{'predictedClass': 'Stable/Up', 'predictedProbability': 56.99999999999999, 'binnedConfidence': 1}",For LP | Maturity 25JUN2026,3.82489,0.07519,225,False,"['0xd8d5fbbaad1e80aa0352b2029a594caeff6cf1ec', '0x5b56f4bf94807b547eb5e7eba5cd8c033af83aed']",,,3.27117,0.0,0.0,
Arbitrum,pendle,UNIETH,107500,2.79141,,2.79141,,90374fdf-8283-449b-9d46-13ae7f39e474,0.03591,0.19706,-0.3174,False,no,single,"{'predictedClass': 'Down', 'predictedProbability': 51, 'binnedConfidence': 1}",For buying PT-uniETH-25JUN2026,2.91536,0.0219,225,False,['0x3d15fd46ce9e551498328b1c83071d9509e2c3a0'],,,2.76585,,,
Ethereum,pendle,WSTUSR,107274,4.06229,,4.06229,,e044634b-e62a-463f-935e-f8657979cef2,-1.87893,-1.85805,,True,no,single,"{'predictedClass': 'Down', 'predictedProbability': 64, 'binnedConfidence': 2}",For buying PT-wstUSR-25JUN2026,5.47092,0.05411,29,False,['0x1202f5c7b4b9e47a1a484e8b270be34dbbc75055'],,,5.60082,,,
Ethereum,pendle,WSTUSR,107274,2.7786,0.09141,2.87001,['0x808507121b80c02388fad14726482e061b8da827'],0febf1c9-1f4d-4f98-a716-7722657056c8,0.89803,1.35945,,True,no,single,"{'predictedClass': 'Down', 'predictedProbability': 56.00000000000001, 'binnedConfidence': 1}",For LP | Maturity 25JUN2026,3.32508,0.10235,29,False,"['0x90a2d7a50692f2620b467747a32cfa61889997b1', '0x6c78661c00d797c9c7fcbe4bcacbd9612a61c07f']",,,3.32523,0.0,0.0,
Base,pendle,WSUPEROETHB,95440,4.06227,,4.06227,,0ad39e33-b96d-4242-b462-d2c705c0d2ae,0.0,-0.01967,0.04949,False,no,single,"{'predictedClass': 'Down', 'predictedProbability': 59, 'binnedConfidence': 1}",For buying PT-wsuperOETHb-25JUN2026,3.89377,0.01965,225,False,['0x7fcd174e80f264448ebee8c88a7c4476aaf58ea6'],,,4.0836,,,
Base,pendle,WSUPEROETHB,95440,2.73056,0.01163,2.74219,['0xa99f6e6785da0f5d6fb42495fe424bce029eeb3e'],f61fed30-4938-4667-a00f-6a59410c09e4,-0.0913,-0.0549,0.00154,False,no,single,"{'predictedClass': 'Down', 'predictedProbability': 56.00000000000001, 'binnedConfidence': 1}",For LP | Maturity 25JUN2026,4.00114,0.0432,225,False,"['0x5fab08f1ec79ca9c21c4516aa38a12ef2c42c0cc', '0x67507f3e26e7e2fd0a42c48fbc85069ccfcbd2ff']",,,2.73249,0.0,0.45847,
Ethereum,pendle,IUSD,92063,5.96728,,5.96728,,2619a3c8-18f8-4798-b7fb-c76a4bf07b96,-0.05299,,,True,no,single,"{'predictedClass': 'Down', 'predictedProbability': 74, 'binnedConfidence': 3}",For buying PT-iUSD-25JUN2026,5.79148,0.05042,7,False,['0x48f9e38f3070ad8945dfeae3fa70987722e3d89c'],,,5.8768,,,
Ethereum,pendle,IUSD,92063,3.74748,0.50192,4.2494,['0x808507121b80c02388fad14726482e061b8da827'],5567ab64-bcdd-4977-b4fb-87af5bd3e001,-0.13275,,,True,no,single,"{'predictedClass': 'Down', 'predictedProbability': 51, 'binnedConfidence': 1}",For LP | Maturity 25JUN2026,3.14421,0.04562,7,False,"['0x5dbf246b37e1b9ac5d08bb38233d71322ae7d166', '0x47743a9203e636674467ff58b7ab0ae0ee6f97cb']",,,2.94469,0.0,1011.00665,
Ethereum,pendle,USD(MIDASMMEV),91439,1.57171,0.12861,1.70031,['0x808507121b80c02388fad14726482e061b8da827'],b92ac5ce-01eb-41ea-addf-f43a1ba4e639,-0.0044,-0.0848,,False,no,single,"{'predictedClass': 'Stable/Up', 'predictedProbability': 65, 'binnedConfidence': 2}",For LP | Maturity 30APR2026,4.73554,0.18238,30,False,"['0xb522cc39c1c3a1ea75ac90b90c5c06329d336192', '0x77891c7f756d4f49d91e6aabae7df5c1169f2aaa']",,,4.85818,0.0,0.0,
Ethereum,pendle,USD(MIDASMMEV),91439,6.90315,,6.90315,,8ed742c6-baa8-4730-b0bc-f7922024186a,2e-05,-0.45806,,False,no,single,"{'predictedClass': 'Down', 'predictedProbability': 76, 'binnedConfidence': 3}",For buying PT-USD (Midas mMEV)-30APR2026,7.09579,0.03243,30,False,['0x030b69280892c888670edcdcd8b69fd8026a0bf3'],,,7.10052,,,
Hyperliquid L1,pendle,STHYPE,90376,5.53182,1.47869,7.01051,['0xD6Eb81136884713E843936843E286FD2a85A205A'],c15de172-944b-4303-971c-7a6e7564ad38,1.4105,3.98301,,False,no,single,"{'predictedClass': 'Down', 'predictedProbability': 67, 'binnedConfidence': 2}",For LP | Maturity 27AUG2026,4.49564,0.06697,9,False,"['0xc349e9fab3d85033ce5a44237d53c4bf2395500f', '0xe24a28fe8ecd859db4280d1291783a10017d6fc4']",,,4.33299,0.0,0.0,
Hyperliquid L1,pendle,STHYPE,90376,6.44763,,6.44763,,0e022695-0c2a-4682-b93a-fffd8723fe7f,1.03087,1.40427,,False,no,single,"{'predictedClass': 'Down', 'predictedProbability': 56.00000000000001, 'binnedConfidence': 1}",For buying PT-stHYPE-27AUG2026,5.35013,0.02385,9,False,['0xffaa4a3d97fe9107cef8a3f48c069f577ff76cc1'],,,5.25877,,,
BSC,pendle,YNBNBX,85826,1.02309,0.03166,1.05475,['0xb3ed0a426155b79b898849803e3b36552f7ed507'],f7d53e45-0672-4763-8afd-368ecae75347,-0.01586,0.3327,-7.76251,False,no,single,"{'predictedClass': 'Stable/Up', 'predictedProbability': 87, 'binnedConfidence': 3}",For LP | Maturity 16APR2026,4.06715,0.2123,112,False,"['0x0010604431e5e0d37785b135c2f9c421a9f1837d', '0x23a052dfcabd4fa7bd52e7e67e0fb0ee596e7383']",,,1.63293,0.0,0.0,
BSC,pendle,YNBNBX,85826,5.49308,,5.49308,,8e7be5c0-9b76-4af3-bce8-ea3e7cd7a8d8,0.0,1.69213,-0.88289,False,no,single,"{'predictedClass': 'Down', 'predictedProbability': 70, 'binnedConfidence': 2}",For buying PT-ynBNBx-16APR2026,4.735,0.08085,112,False,['0x32c830f5c34122c6afb8ae87aba541b7900a2c5f'],,,4.64751,,,
Ethereum,pendle,USD(MIDASMEDGE),83733,2.46746,0.02037,2.48784,['0x808507121b80c02388fad14726482e061b8da827'],3d5eb92a-0947-4053-8abf-c298641c071e,-1.2206,-10.77494,,False,no,single,"{'predictedClass': 'Stable/Up', 'predictedProbability': 69, 'binnedConfidence': 2}",For LP | Maturity 30APR2026,6.90397,0.14964,29,False,"['0x5dc60585171c0db38c0026959a7ae15ac0699642', '0xb5130e951e5d8d77ac2fd1ca40982d03b2483782']",,,7.07485,0.0,0.0,
Ethereum,pendle,USD(MIDASMEDGE),83733,6.56751,,6.56751,,38d51595-0818-4ef4-abb1-cb75fb15fb31,0.68862,0.1333,,False,no,single,"{'predictedClass': 'Down', 'predictedProbability': 62, 'binnedConfidence': 2}",For buying PT-USD (Midas mEDGE)-30APR2026,6.45218,0.03192,29,False,['0xbb51e2a15a9158ebe2b0ceb8678511e063ab7a55'],,,6.45203,,,
Ethereum,pendle,WSRUSD,79234,7.42408,,7.42408,,d415c40d-ba64-4305-9c81-7f4ad9283091,0.00078,-2.16395,0.27364,True,no,single,"{'predictedClass': 'Down', 'predictedProbability': 60, 'binnedConfidence': 1}",For buying PT-wsrUSD-26FEB2026,9.18176,0.08456,115,False,['0xd3fd63209fa2d55b07a0f6db36c2f43900be3094'],,,8.6569,,,
Ethereum,pendle,WSRUSD,79234,5.45164,0.01684,5.46848,['0x808507121b80c02388fad14726482e061b8da827'],cfc83b8c-2fcd-4274-91e9-c787367e2a7a,-0.02866,-0.70339,-0.68248,True,no,single,"{'predictedClass': 'Stable/Up', 'predictedProbability': 56.99999999999999, 'binnedConfidence': 1}",For LP | Maturity 26FEB2026,8.63452,0.208,115,False,"['0x5aa4afe7359d5a68d193f03e013d553deb7dbd1f', '0x212670e78cbec6f219204c52889763628bedd15e']",,,6.36944,0.0,0.0,
Ethereum,pendle,UNIBTC,78965,0.09205,0.0,0.09205,['0x808507121b80c02388fad14726482e061b8da827'],c85c1cdb-6731-4e9d-85ac-1c1a9b08ca97,-0.0106,,,False,no,single,"{'predictedClass': 'Stable/Up', 'predictedProbability': 55.00000000000001, 'binnedConfidence': 1}",For LP | Maturity 25JUN2026,0.14704,0.00621,7,False,"['0xba41c7e27abf380ab1d529bb1275fadfccdbf437', '0xb9950954d965550fabbe635a8ccb7ee1fe8d7353']",,,0.15117,13531.17979,30373.65067,
Ethereum,pendle,UNIBTC,78965,0.4829,,0.4829,,14f001c6-b4e3-4980-99d3-af05c6409b42,-0.14377,,,False,no,single,"{'predictedClass': 'Stable/Up', 'predictedProbability': 63, 'binnedConfidence': 2}",For buying PT-uniBTC-25JUN2026,0.67903,0.00848,7,False,['0x846350bb944c9f9924d4feca0f948b73e5af5a57'],,,0.7152,,,
Base,pendle,YOEUR,73634,5.84174,,5.84174,,cd58acca-a5d9-4c53-980e-4141b8de5333,0.18265,-0.29248,1.24302,True,no,single,"{'predictedClass': 'Down', 'predictedProbability': 67, 'binnedConfidence': 2}",For buying PT-yoEUR-26MAR2026,6.06076,0.03986,127,False,['0x50c749ae210d3977adc824ae11f3c7fd10c871e9'],,,5.42448,,,
Base,pendle,YOEUR,73634,3.63714,0.30393,3.94107,['0xa99f6e6785da0f5d6fb42495fe424bce029eeb3e'],c1d1f280-1d24-487b-bab9-280bde9be47f,-0.01094,-1.88137,-1.36526,True,no,single,"{'predictedClass': 'Down', 'predictedProbability': 51, 'binnedConfidence': 1}",For LP | Maturity 26MAR2026,6.05679,0.17197,127,False,"['0x3d94e67179d6d87b79b6d600ed83ee0fe15034c8', '0x94f2b17c451bcc28bd3210124d3ca1e8848d2c07']",,,4.562,0.0,0.0,
Sonic,pendle,X33,70982,51.01488,2.46346,53.47834,['0xf1ef7d2d4c0c881cd634481e0586ed5d2871a74b'],dca1b093-0b19-406b-8cef-97490a5da86c,-0.09405,-0.17024,12.83362,False,no,single,"{'predictedClass': 'Down', 'predictedProbability': 92, 'binnedConfidence': 3}",For LP | Maturity 26FEB2026,52.1675,0.7836,168,True,"['0x22fe64c10f482004c48872c98d1f03cbdcaddce9', '0x69a23f16974024a1b6a5362ac2a11bfeeefd5827']",,,49.93967,0.0,0.0,
Sonic,pendle,X33,70982,51.443,,51.443,,983e2cff-65e1-4163-abbc-126221a84a99,-0.00042,1.39747,2.28805,False,no,single,"{'predictedClass': 'Down', 'predictedProbability': 71, 'binnedConfidence': 2}",For buying PT-x33-26FEB2026,49.30898,0.1982,168,True,['0x3333111a391cc08fa51353e9195526a70b333333'],,,52.76148,,,
BSC,pendle,SUSDU,58058,13.04105,1.38174,14.42279,['0xb3ed0a426155b79b898849803e3b36552f7ed507'],a15bd50c-5744-44eb-8b0b-30e7b9fdc465,-0.4792,-13.63284,,True,no,single,"{'predictedClass': 'Down', 'predictedProbability': 56.99999999999999, 'binnedConfidence': 1}",For LP | Maturity 23APR2026,20.57689,0.1897,21,False,"['0x25f8b64d03e57e239b4547501dee017a8b0953df', '0x65c3faaf6a25cb0311a29cce4b79bf8d37474342']",,,20.47482,0.0,103.63047,
BSC,pendle,SUSDU,58058,12.80378,,12.80378,,ead5ab6d-6472-4845-ac0a-ceb8f9fc73ae,0.13726,-0.44887,,True,no,single,"{'predictedClass': 'Down', 'predictedProbability': 69, 'binnedConfidence': 2}",For buying PT-sUSDu-23APR2026,13.07312,0.02275,21,False,['0x385c279445581a186a4182a5503094ebb652ec71'],,,13.02837,,,
Ethereum,pendle,SUSDA,54777,5.10211,,5.10211,,39b53d33-bed3-45ee-9c13-70bbc7e785fb,1e-05,0.0,0.05593,True,no,single,"{'predictedClass': 'Down', 'predictedProbability': 54, 'binnedConfidence': 1}",For buying PT-sUSDa-18JUN2026,4.86522,0.01854,70,False,['0x2b66aade1e9c062ff411bd47c44e0ad696d43bd9'],,,5.07538,,,
Ethereum,pendle,SUSDA,54777,4.32018,0.0,4.32018,['0x808507121b80c02388fad14726482e061b8da827'],282c70ef-5123-4873-a115-a96879183e4e,2e-05,-0.00582,-0.15894,True,no,single,"{'predictedClass': 'Stable/Up', 'predictedProbability': 52, 'binnedConfidence': 1}",For LP | Maturity 18JUN2026,6.23745,0.25833,70,False,"['0x118078288f681389070a9d89d6832b302216ace3', '0x8946f653aed1af1f82a8de6d7f54088afff5a14e']",,,4.33449,0.0,0.0,
Ethereum,pendle,RUSD,53527,10.65379,,10.65379,,39937bc5-a6fd-4a79-8b5d-f5992bb74db2,1.62361,2.49055,1.67987,True,no,single,"{'predictedClass': 'Down', 'predictedProbability': 67, 'binnedConfidence': 2}",For buying PT-rUSD-26FEB2026,8.83212,0.04861,115,False,['0x09d4214c03d01f49544c0448dbe3a27f768f2b34'],,,9.09775,,,
Ethereum,pendle,RUSD,53527,3.04515,0.00432,3.04947,['0x808507121b80c02388fad14726482e061b8da827'],47c41d26-c886-4bda-b5a4-8dca1b193bac,1.06685,1.47093,1.09803,True,no,single,"{'predictedClass': 'Down', 'predictedProbability': 64, 'binnedConfidence': 2}",For LP | Maturity 26FEB2026,4.10929,0.24796,115,False,"['0xeeaa924eb3667f30be02db9c55d87566a3f4df7a', '0x43d6651ff941776976ae8e5b11ef513e054a7931']",,,2.27356,0.0,0.0,
Ethereum,pendle,AID,53238,2.57964,0.18934,2.76898,['0x808507121b80c02388fad14726482e061b8da827'],18cd000e-cb02-44ef-ae1c-352d0eeeb764,-0.00639,-0.05333,-16.59454,False,no,single,"{'predictedClass': 'Stable/Up', 'predictedProbability': 63, 'binnedConfidence': 2}",For LP | Maturity 30JUL2026,6.51188,0.29571,35,False,"['0x8f9d4ebe233fc63a3aff867d32025d172e6b4a90', '0xfd737331e7248b32d13e7273800130b5d85629a3']",,,5.27309,0.0,0.0,
Ethereum,pendle,AID,53238,9.07814,,9.07814,,d1b57f70-fccf-4e3b-a767-28a9b336d27d,1e-05,-0.73243,-1.72828,False,no,single,"{'predictedClass': 'Down', 'predictedProbability': 66, 'binnedConfidence': 2}",For buying PT-AID-30JUL2026,9.96406,0.02255,35,False,['0x18f52b3fb465118731d9e0d276d4eb3599d57596'],,,9.85491,,,
Ethereum,pendle,HWHLP,51934,8.48661,,8.48661,,8033a6ba-5ad0-4c87-af92-10142b63a315,1e-05,0.479,-0.58561,False,no,single,"{'predictedClass': 'Down', 'predictedProbability': 63, 'binnedConfidence': 2}",For buying PT-hwHLP-25JUN2026,9.04678,0.07345,49,False,['0x9fd7466f987fd4c45a5bbde22ed8aba5bc8d72d1'],,,8.66417,,,
Ethereum,pendle,HWHLP,51934,3.12868,0.41479,3.54348,['0x808507121b80c02388fad14726482e061b8da827'],c5d909c7-c84e-4a9b-92d1-a55584bcd769,0.03923,1.13443,-11.3568,False,no,single,"{'predictedClass': 'Down', 'predictedProbability': 63, 'binnedConfidence': 2}",For LP | Maturity 25JUN2026,23.8184,1.48037,49,False,"['0xa91751e6f7fba8a6a4f5a7803fabb85bca78b0d6', '0x86f6817c22a14393550b135710ea58f311e457ed']",,,34.25735,0.0,0.0,
BSC,pendle,CUSDO,51697,4.9871,,4.9871,,74109c5a-8d90-47d6-80b5-b9b473483202,-0.1606,-0.1606,0.16342,True,no,single,"{'predictedClass': 'Down', 'predictedProbability': 69, 'binnedConfidence': 2}",For buying PT-cUSDO-29OCT2026,6.3658,0.10528,112,False,['0x64748ea3e31d0b7916f0ff91b017b9f404ded8ef'],,,5.96407,,,
BSC,pendle,CUSDO,51697,3.39374,0.06668,3.46042,['0xb3ed0a426155b79b898849803e3b36552f7ed507'],dedebbdf-f7dc-4935-a9df-784d18e1e4d8,-0.02005,-0.38145,-0.14153,True,no,single,"{'predictedClass': 'Down', 'predictedProbability': 55.00000000000001, 'binnedConfidence': 1}",For LP | Maturity 29OCT2026,6.1444,0.22973,112,False,"['0xcd18d94fda553bb956d6130ad217b63ef65888d0', '0x7a657c50c6b640ecaab7bb8dad86344169bf8c16']",,,4.17477,0.0,0.0,
Ethereum,pendle,USDAF,49702,1.31499,0.06358,1.37857,['0x808507121b80c02388fad14726482e061b8da827'],a61e1af8-a59e-4861-8867-93579913b1a8,-0.0021,-0.18085,-1.76222,True,no,single,"{'predictedClass': 'Stable/Up', 'predictedProbability': 72, 'binnedConfidence': 2}",For LP | Maturity 30APR2026,3.27961,0.09789,86,False,"['0xbbb0bd679d84f54c987e5cabf2c366954fec635b', '0x6fc5b9eebf6f19556db8c8fdcc8d4a52e6dc106d']",,,1.6937,0.0,0.0,
Ethereum,pendle,USDAF,49702,6.93838,,6.93838,,6db1eb6b-396d-4bda-b15b-28e2f434ec78,2e-05,-0.93756,-0.93755,True,no,single,"{'predictedClass': 'Down', 'predictedProbability': 61, 'binnedConfidence': 2}",For buying PT-USDaf-30APR2026,7.97485,0.01943,86,False,['0x9cf12ccd6020b6888e4d4c4e4c7aca33c1eb91f8'],,,7.682,,,
Ethereum,pendle,FUSNSTETH,41977,3.66187,0.55572,4.21759,['0x808507121b80c02388fad14726482e061b8da827'],b708eb01-5281-4dcc-8615-c824fbffd400,0.01367,-6.65246,,True,no,single,"{'predictedClass': 'Stable/Up', 'predictedProbability': 55.00000000000001, 'binnedConfidence': 1}",For LP | Maturity 30APR2026,8.79678,0.22642,28,False,"['0xf2e0aa40ad41bd350c068876d88e02bdedf1ceb6', '0xc9950c55126c125173e9319077253d633221283a']",,,9.17024,0.0,0.0,
Ethereum,pendle,FUSNSTETH,41977,7.08244,,7.08244,,bd3f3201-f0a8-4c4c-94ce-022cbcb7221b,1e-05,0.03042,,True,no,single,"{'predictedClass': 'Down', 'predictedProbability': 70, 'binnedConfidence': 2}",For buying PT-fusnstETH-30APR2026,6.93574,0.01084,28,False,['0xb8a451107a9f87fde481d4d686247d6e43ed715e'],,,6.90814,,,
Ethereum,pendle,ARM-WETH-STETH,38086,4.00115,,4.00115,,be0198d2-1d85-471d-b6af-022c9bdb9852,0.0,0.0,0.00114,False,yes,multi,"{'predictedClass': 'Down', 'predictedProbability': 53, 'binnedConfidence': 1}",For buying PT-ARM-WETH-stETH-25JUN2026,4.00031,3e-05,63,False,['0x85b78aca6deae198fbf201c82daf6ca21942acc6'],,,4.00063,,,
Ethereum,pendle,ARM-WETH-STETH,38086,7.03245,0.0,7.03245,['0x808507121b80c02388fad14726482e061b8da827'],1777ce2f-f179-4f1a-bf18-bff35775df7e,2.50984,2.31178,4.52242,False,yes,multi,"{'predictedClass': 'Down', 'predictedProbability': 73, 'binnedConfidence': 2}",For LP | Maturity 25JUN2026,3.98634,0.10826,63,False,"['0x4e5d7b6606f0746f3eb295e1bb6a93397fa059e7', '0xbcae2eb1cc47f137d8b2d351b0e0ea8dda4c6184']",,,5.47049,0.0,0.0,
