"Date","Price","Open","High","Low","Change %"
"02/20/2026","5.119","5.119","5.119","5.119","0.00%"
"02/19/2026","5.119","5.119","5.119","5.119","0.00%"
"02/18/2026","5.119","5.119","5.119","5.119","1.09%"
"02/13/2026","5.064","5.064","5.064","5.064","-0.08%"
"02/12/2026","5.068","5.119","5.119","5.068","-1.00%"
"02/11/2026","5.119","5.119","5.119","5.119","0.00%"
"02/10/2026","5.119","5.119","5.119","5.119","0.00%"
"02/09/2026","5.119","5.119","5.119","5.119","0.02%"
"02/06/2026","5.118","5.030","5.118","5.030","1.75%"
"02/05/2026","5.030","5.030","5.030","5.030","-0.02%"
"02/04/2026","5.031","5.031","5.031","5.031","0.00%"
"02/03/2026","5.031","5.031","5.031","5.031","0.00%"
"02/02/2026","5.031","5.031","5.031","5.031","0.98%"
"01/30/2026","4.982","4.982","4.982","4.982","-0.02%"
"01/29/2026","4.983","4.861","5.031","4.861","2.36%"
"01/28/2026","4.868","4.816","4.868","4.816","1.06%"
"01/27/2026","4.817","4.817","4.817","4.817","-0.02%"
"01/26/2026","4.818","4.818","4.818","4.818","0.00%"
"01/23/2026","4.818","4.818","4.818","4.818","1.05%"
"01/22/2026","4.768","4.766","4.768","4.766","0.13%"
"01/21/2026","4.762","4.770","4.770","4.762","-0.06%"
"01/20/2026","4.765","4.822","4.822","4.765","-1.18%"
"01/19/2026","4.822","4.822","4.822","4.822","1.15%"
"01/15/2026","4.767","4.947","4.947","4.744","-3.64%"
"01/14/2026","4.947","4.945","4.955","4.942","-0.24%"
"01/13/2026","4.959","4.961","4.961","4.959","0.06%"
"01/12/2026","4.956","4.785","4.956","4.785","3.55%"
"01/09/2026","4.786","4.786","4.786","4.786","-2.43%"
"01/08/2026","4.905","4.994","4.994","4.905","-1.80%"
"01/07/2026","4.995","4.995","4.995","4.995","0.00%"
"01/06/2026","4.995","4.995","4.995","4.995","0.00%"
"01/05/2026","4.995","4.995","4.995","4.995","0.00%"
"01/02/2026","4.995","4.995","4.995","4.995","-0.02%"
"12/31/2025","4.996","4.996","4.996","4.996","-0.02%"
"12/30/2025","4.997","4.997","4.997","4.997","0.00%"
"12/29/2025","4.997","4.997","4.997","4.997","0.00%"
"12/24/2025","4.997","4.997","4.997","4.997","-0.02%"
"12/23/2025","4.998","4.998","4.998","4.998","-0.02%"
"12/22/2025","4.999","4.999","4.999","4.999","0.00%"
"12/19/2025","4.999","5.083","5.083","4.999","-1.44%"
"12/18/2025","5.072","5.074","5.074","5.072","-0.12%"
"12/17/2025","5.078","5.040","5.080","5.040","0.75%"
"12/16/2025","5.040","5.080","5.119","5.040","-0.79%"
"12/15/2025","5.080","5.080","5.080","5.080","0.00%"
"12/12/2025","5.080","5.080","5.080","5.080","0.00%"
"12/11/2025","5.080","5.080","5.080","5.080","-0.02%"
"12/10/2025","5.081","5.198","5.198","5.081","-2.25%"
"12/09/2025","5.198","5.198","5.198","5.198","0.02%"
"12/08/2025","5.197","5.197","5.197","5.197","0.00%"
"12/05/2025","5.197","5.197","5.197","5.197","0.00%"
"12/04/2025","5.197","5.197","5.197","5.197","0.00%"
"12/03/2025","5.197","5.197","5.197","5.197","2.42%"
"12/02/2025","5.074","5.097","5.097","5.074","-2.37%"
"12/01/2025","5.197","5.197","5.197","5.197","1.98%"
"11/28/2025","5.096","5.096","5.096","5.096","0.08%"
"11/27/2025","5.092","5.058","5.092","5.058","0.67%"
"11/26/2025","5.058","5.121","5.121","5.058","-1.23%"
"11/25/2025","5.121","5.121","5.121","5.121","0.00%"
"11/24/2025","5.121","4.781","5.121","4.781","7.27%"
"11/21/2025","4.774","4.773","4.774","4.773","0.06%"
"11/20/2025","4.771","4.759","4.772","4.759","0.25%"
"11/19/2025","4.759","4.934","4.934","4.748","-0.02%"
"11/18/2025","4.760","4.760","4.760","4.760","0.93%"
"11/17/2025","4.716","4.716","4.716","4.708","0.15%"
"11/14/2025","4.709","4.709","4.709","4.709","-0.06%"
"11/13/2025","4.712","4.654","4.713","4.654","0.55%"
"11/12/2025","4.686","4.679","4.686","4.679","-0.64%"
"11/11/2025","4.716","4.716","4.716","4.716","0.26%"
"11/10/2025","4.704","4.677","4.728","4.666","-0.36%"
"11/07/2025","4.721","4.725","4.725","4.721","-0.21%"
"11/06/2025","4.731","4.701","4.731","4.701","-0.08%"
"11/05/2025","4.735","4.735","4.735","4.735","-0.25%"
"11/04/2025","4.747","4.747","4.747","4.747","-0.23%"
"11/03/2025","4.758","4.758","4.758","4.758","-0.04%"
"10/31/2025","4.760","4.764","4.764","4.760","-0.34%"
"10/30/2025","4.776","4.776","4.776","4.776","-0.52%"
"10/29/2025","4.801","4.826","4.826","4.801","-0.74%"
"10/28/2025","4.837","4.819","4.837","4.819","0.48%"
"10/27/2025","4.814","4.835","4.835","4.814","-0.91%"
"10/24/2025","4.858","4.846","4.858","4.815","0.39%"
"10/23/2025","4.839","4.839","4.839","4.839","-0.66%"
"10/22/2025","4.871","4.871","4.871","4.871","0.08%"
"10/21/2025","4.867","4.882","4.882","4.867","-0.47%"
"10/20/2025","4.890","4.909","4.909","4.890","-0.59%"
"10/17/2025","4.919","4.888","4.919","4.888","0.29%"
"10/16/2025","4.905","4.850","4.908","4.850","0.27%"
"10/15/2025","4.892","4.892","4.892","4.892","0.00%"
"10/14/2025","4.892","4.970","4.970","4.892","-1.77%"
"10/13/2025","4.980","4.980","4.980","4.980","1.55%"
"10/10/2025","4.904","4.990","4.990","4.904","-1.92%"
"10/09/2025","5.000","4.922","5.000","4.922","0.97%"
"10/08/2025","4.952","4.952","4.952","4.952","0.00%"
"10/07/2025","4.952","4.952","4.973","4.952","-0.46%"
"10/06/2025","4.975","5.049","5.049","4.975","-0.20%"
"10/03/2025","4.985","4.977","4.985","4.977","-0.04%"
"10/02/2025","4.987","4.995","4.995","4.987","-0.95%"
"10/01/2025","5.035","5.077","5.077","5.035","-1.00%"
"09/30/2025","5.086","5.052","5.086","5.052","0.65%"
"09/29/2025","5.053","5.114","5.114","5.053","-0.16%"
"09/26/2025","5.061","5.000","5.069","5.000","1.06%"
"09/25/2025","5.008","5.010","5.010","5.005","-0.60%"
"09/24/2025","5.038","5.160","5.160","5.038","-2.53%"
"09/23/2025","5.169","5.169","5.169","5.169","-0.17%"
"09/22/2025","5.178","4.877","5.178","4.877","5.63%"
"09/19/2025","4.902","5.126","5.126","4.887","-4.50%"
"09/18/2025","5.133","5.128","5.133","5.128","-0.68%"
"09/17/2025","5.168","5.168","5.168","5.168","0.14%"
"09/16/2025","5.161","5.170","5.170","5.161","-0.23%"
"09/15/2025","5.173","5.086","5.173","5.086","-0.15%"
"09/12/2025","5.181","5.188","5.194","5.181","-0.29%"
"09/11/2025","5.196","5.202","5.202","5.196","-0.38%"
"09/10/2025","5.216","5.192","5.216","5.192","0.31%"
"09/09/2025","5.200","5.207","5.207","5.200","-0.44%"
"09/08/2025","5.223","5.295","5.295","5.210","-1.64%"
"09/04/2025","5.310","5.310","5.310","5.260","-0.54%"
"09/02/2025","5.339","5.339","5.339","5.339","-0.15%"
"09/01/2025","5.347","5.347","5.347","5.347","0.92%"
"08/29/2025","5.298","5.298","5.306","5.298","-0.15%"
"08/28/2025","5.306","5.334","5.337","5.295","-0.99%"
"08/27/2025","5.359","5.360","5.360","5.359","-0.07%"
"08/26/2025","5.363","5.367","5.371","5.363","-0.19%"
"08/25/2025","5.373","5.397","5.397","5.373","-0.57%"
"08/22/2025","5.404","5.404","5.404","5.404","-0.13%"
"08/21/2025","5.411","5.411","5.411","5.411","-0.39%"
"08/20/2025","5.432","5.432","5.432","5.432","-0.13%"
"08/19/2025","5.439","5.439","5.439","5.439","0.24%"
"08/15/2025","5.426","5.426","5.426","5.426","-0.20%"
"08/14/2025","5.437","5.564","5.564","5.432","-2.65%"
"08/13/2025","5.585","5.658","5.676","5.583","-1.60%"
"08/12/2025","5.676","5.715","5.715","5.656","-0.68%"
"08/11/2025","5.715","5.727","5.727","5.714","-0.16%"
"08/08/2025","5.724","5.734","5.734","5.724","0.00%"
"08/07/2025","5.724","5.733","5.733","5.724","-0.35%"
"08/06/2025","5.744","5.730","5.745","5.725","0.07%"
"08/05/2025","5.740","5.740","5.740","5.740","0.02%"
"08/04/2025","5.739","5.769","5.771","5.666","1.27%"
"08/01/2025","5.667","5.667","5.667","5.667","-0.23%"
"07/31/2025","5.680","5.678","5.680","5.673","-0.25%"
"07/30/2025","5.694","5.692","5.697","5.692","-0.11%"
"07/29/2025","5.700","5.698","5.707","5.696","-0.11%"
"07/28/2025","5.706","5.810","5.810","5.705","-0.14%"
"07/25/2025","5.714","5.714","5.714","5.714","0.02%"
"07/24/2025","5.713","5.815","5.815","5.713","-1.94%"
"07/23/2025","5.826","5.827","5.827","5.826","-0.03%"
"07/22/2025","5.828","5.833","5.833","5.828","-0.26%"
"07/21/2025","5.843","5.849","5.849","5.843","0.03%"
"07/18/2025","5.841","5.844","5.844","5.841","-0.03%"
"07/17/2025","5.843","5.844","5.861","5.841","-0.19%"
"07/16/2025","5.854","5.856","5.862","5.854","-0.07%"
"07/15/2025","5.858","5.926","5.926","5.858","-1.23%"
"07/14/2025","5.931","5.931","5.931","5.931","0.41%"
"07/11/2025","5.907","5.907","5.907","5.907","-0.08%"
"07/10/2025","5.912","5.912","5.912","5.912","-0.30%"
"07/09/2025","5.930","5.923","5.930","5.919","0.03%"
"07/08/2025","5.928","5.928","5.928","5.928","-0.10%"
"07/07/2025","5.934","5.968","5.968","5.934","0.77%"
"07/04/2025","5.889","5.935","5.940","5.935","-0.06%"
"07/03/2025","5.892","5.944","5.944","5.941","-0.26%"
"07/02/2025","5.907","5.956","5.963","5.956","-0.09%"
"07/01/2025","5.913","5.961","5.969","5.961","-0.13%"
"06/30/2025","5.920","6.004","6.004","5.965","-0.47%"
"06/26/2025","5.949","6.001","6.005","5.998","-0.26%"
"06/25/2025","5.964","6.014","6.016","6.011","-0.26%"
"06/24/2025","5.979","6.019","6.019","6.016","-0.08%"
"06/23/2025","5.984","6.038","6.073","5.961","0.95%"
"06/20/2025","5.928","5.964","5.966","5.964","0.08%"
"06/19/2025","5.923","5.989","5.989","5.970","-1.83%"
"06/18/2025","6.034","6.071","6.071","6.071","-0.07%"
"06/17/2025","6.037","6.111","6.111","6.075","1.83%"
"06/16/2025","5.929","6.309","6.309","5.992","-4.55%"
"06/13/2025","6.212","6.306","6.306","6.306","0.03%"
"06/12/2025","6.209","6.304","6.304","6.304","0.11%"
"06/11/2025","6.202","6.296","6.296","6.296","0.02%"
"06/10/2025","6.201","6.294","6.294","6.294","0.10%"
"06/05/2025","6.194","6.287","6.287","6.287","0.10%"
"06/04/2025","6.188","6.280","6.280","6.280","0.04%"
"06/03/2025","6.186","6.277","6.277","6.277","-0.06%"
"06/02/2025","6.190","6.280","6.280","6.280","0.16%"
"05/28/2025","6.180","6.270","6.270","6.270","-1.58%"
"05/27/2025","6.279","6.498","6.498","6.498","0.00%"
"05/26/2025","6.279","6.676","6.676","6.508","0.10%"
"05/23/2025","6.273","6.490","6.522","6.490","0.18%"
"05/22/2025","6.262","6.255","6.487","6.255","0.03%"
"05/21/2025","6.260","6.494","6.510","6.480","-0.10%"
"05/20/2025","6.266","6.507","6.507","6.484","0.18%"
"05/19/2025","6.255","6.653","6.653","6.466","-0.05%"
"05/16/2025","6.258","6.549","6.568","6.471","-0.42%"
"05/15/2025","6.285","6.565","6.565","6.565","0.17%"
"05/14/2025","6.274","6.637","6.637","6.459","0.32%"
"05/09/2025","6.254","6.463","6.463","6.451","-0.14%"
"05/08/2025","6.263","6.440","6.476","6.428","0.28%"
"05/07/2025","6.246","6.420","6.420","6.420","-0.18%"
"05/06/2025","6.257","6.431","6.446","6.418","0.28%"
"05/05/2025","6.240","6.610","6.610","6.430","0.08%"
"05/02/2025","6.234","6.607","6.607","6.403","0.27%"
"04/30/2025","6.218","6.325","6.362","6.325","0.30%"
"04/29/2025","6.200","6.423","6.424","6.319","-0.47%"
"04/28/2025","6.229","6.589","6.589","6.419","-0.14%"
"04/25/2025","6.238","6.477","6.587","6.420","-5.06%"
"04/24/2025","6.570","6.641","6.641","6.641","0.07%"
"04/23/2025","6.566","6.632","6.640","6.632","0.06%"
"04/22/2025","6.562","6.634","6.634","6.629","-2.14%"
"04/21/2025","6.706","6.787","6.787","6.787","2.28%"
"04/17/2025","6.556","6.624","6.633","6.624","0.07%"
"04/16/2025","6.551","6.746","6.746","6.622","-1.05%"
"04/15/2025","6.621","6.733","6.733","6.727","0.04%"
"04/14/2025","6.619","6.764","6.832","6.723","-1.92%"
"04/11/2025","6.748","6.846","6.846","6.771","1.76%"
"04/10/2025","6.631","6.915","6.927","6.763","-0.76%"
"04/09/2025","6.682","6.701","6.932","6.701","0.65%"
"04/08/2025","6.639","6.534","6.793","6.534","2.80%"
"03/27/2025","6.458","6.567","6.577","6.540","-0.08%"
"03/26/2025","6.463","6.564","6.619","6.555","-0.10%"
"03/25/2025","6.470","6.495","6.686","6.495","1.18%"
"03/24/2025","6.394","6.492","6.507","6.492","0.02%"
"03/21/2025","6.393","6.510","6.510","6.506","0.10%"
"03/20/2025","6.386","6.507","6.515","6.507","0.08%"
"03/19/2025","6.381","6.464","6.500","6.464","0.26%"
"03/18/2025","6.365","6.442","6.469","6.442","0.20%"
"03/17/2025","6.352","6.375","6.467","6.375","0.71%"
"03/14/2025","6.307","6.440","6.440","6.422","0.60%"
"03/13/2025","6.270","6.459","6.459","6.436","-0.78%"
"03/12/2025","6.319","6.428","6.460","6.428","0.15%"
"03/11/2025","6.310","6.458","6.458","6.426","-0.02%"
"03/10/2025","6.311","6.456","6.456","6.439","0.67%"
"03/07/2025","6.269","6.462","6.462","6.450","-0.02%"
"03/06/2025","6.271","6.451","6.473","6.403","-0.10%"
"03/05/2025","6.277","6.464","6.484","6.464","0.03%"
"03/04/2025","6.274","6.513","6.513","6.430","-2.06%"
"03/03/2025","6.406","6.391","6.508","6.391","-1.39%"
"02/28/2025","6.497","6.404","6.504","6.398","1.55%"
"02/27/2025","6.398","6.434","6.434","6.396","-0.30%"
"02/26/2025","6.417","6.384","6.428","6.366","0.77%"
"02/25/2025","6.368","6.374","6.374","6.368","0.02%"
"02/24/2025","6.367","6.376","6.376","6.367","-0.02%"
"02/21/2025","6.368","6.371","6.371","6.361","0.05%"